fold,model,k,distance_metric,voting_scheme,retention_policy,accuracy,f1_macro,training_time,prediction_time,peak_memory_mb
0,"KNN(k=3, metric=euclidean, voting=majority, retention=never_retain)",3,euclidean,majority,never_retain,0.9166666666666666,0.8979290331090884,0.00046360003761947155,0.02571889996761456,67.26802253723145
0,"KNN(k=3, metric=euclidean, voting=majority, retention=always_retain)",3,euclidean,majority,always_retain,0.9166666666666666,0.8979290331090884,0.0004306999617256224,0.017397599993273616,2.0368785858154297
0,"KNN(k=3, metric=euclidean, voting=majority, retention=different_class)",3,euclidean,majority,different_class,0.9027777777777778,0.892982456140351,0.0004689999623224139,0.012066900031641126,1.8859939575195312
0,"KNN(k=3, metric=euclidean, voting=majority, retention=oblivion_by_goodness)",3,euclidean,majority,oblivion_by_goodness,0.9166666666666666,0.8979290331090884,0.0011177999549545348,0.013216200051829219,1.8741254806518555
0,"KNN(k=3, metric=euclidean, voting=inverse_distance, retention=never_retain)",3,euclidean,inverse_distance,never_retain,0.9166666666666666,0.8979290331090884,0.00043730001198127866,0.03325119998771697,67.25486946105957
0,"KNN(k=3, metric=euclidean, voting=inverse_distance, retention=always_retain)",3,euclidean,inverse_distance,always_retain,0.9166666666666666,0.8979290331090884,0.00042189995292574167,0.02603750000707805,2.0399417877197266
0,"KNN(k=3, metric=euclidean, voting=inverse_distance, retention=different_class)",3,euclidean,inverse_distance,different_class,0.9027777777777778,0.892982456140351,0.00043700000969693065,0.021682300022803247,1.887420654296875
0,"KNN(k=3, metric=euclidean, voting=inverse_distance, retention=oblivion_by_goodness)",3,euclidean,inverse_distance,oblivion_by_goodness,0.9166666666666666,0.8979290331090884,0.0004240999696776271,0.0227990000275895,1.874293327331543
0,"KNN(k=3, metric=manhattan, voting=majority, retention=never_retain)",3,manhattan,majority,never_retain,0.9166666666666666,0.8979290331090884,0.0004246999742463231,0.024468999996315688,66.91906929016113
0,"KNN(k=3, metric=manhattan, voting=majority, retention=always_retain)",3,manhattan,majority,always_retain,0.9166666666666666,0.8979290331090884,0.00045849999878555536,0.015726900019217283,2.0306835174560547
0,"KNN(k=3, metric=manhattan, voting=majority, retention=different_class)",3,manhattan,majority,different_class,0.9027777777777778,0.892982456140351,0.00043399998685345054,0.012076999992132187,1.8802871704101562
0,"KNN(k=3, metric=manhattan, voting=majority, retention=oblivion_by_goodness)",3,manhattan,majority,oblivion_by_goodness,0.9166666666666666,0.8979290331090884,0.00044000003254041076,0.013624999963212758,1.867976188659668
0,"KNN(k=3, metric=manhattan, voting=inverse_distance, retention=never_retain)",3,manhattan,inverse_distance,never_retain,0.9166666666666666,0.8979290331090884,0.0004297999548725784,0.03363870002795011,66.91906929016113
0,"KNN(k=3, metric=manhattan, voting=inverse_distance, retention=always_retain)",3,manhattan,inverse_distance,always_retain,0.9166666666666666,0.8979290331090884,0.00043670000741258264,0.026013399998191744,2.034341812133789
0,"KNN(k=3, metric=manhattan, voting=inverse_distance, retention=different_class)",3,manhattan,inverse_distance,different_class,0.9166666666666666,0.8979290331090884,0.00043240003287792206,0.022080699971411377,1.8786659240722656
0,"KNN(k=3, metric=manhattan, voting=inverse_distance, retention=oblivion_by_goodness)",3,manhattan,inverse_distance,oblivion_by_goodness,0.9166666666666666,0.8979290331090884,0.00048670003889128566,0.023383799998555332,1.8685102462768555
0,"KNN(k=3, metric=canberra, voting=majority, retention=never_retain)",3,canberra,majority,never_retain,0.9166666666666666,0.8979290331090884,0.00042209995444864035,0.060719600005541,100.48278903961182
0,"KNN(k=3, metric=canberra, voting=majority, retention=always_retain)",3,canberra,majority,always_retain,0.9027777777777778,0.892982456140351,0.00043860002188012004,0.022315100010018796,2.609959602355957
0,"KNN(k=3, metric=canberra, voting=majority, retention=different_class)",3,canberra,majority,different_class,0.9027777777777778,0.892982456140351,0.00045439996756613255,0.018893800035584718,2.4112234115600586
0,"KNN(k=3, metric=canberra, voting=majority, retention=oblivion_by_goodness)",3,canberra,majority,oblivion_by_goodness,0.9166666666666666,0.8980329611908558,0.00043569999979808927,0.020360800030175596,2.393625259399414
0,"KNN(k=3, metric=canberra, voting=inverse_distance, retention=never_retain)",3,canberra,inverse_distance,never_retain,0.9166666666666666,0.8979290331090884,0.0004346999921835959,0.06995979999192059,100.48274326324463
0,"KNN(k=3, metric=canberra, voting=inverse_distance, retention=always_retain)",3,canberra,inverse_distance,always_retain,0.9166666666666666,0.8979290331090884,0.0005513000069186091,0.03743319999193773,2.6119813919067383
0,"KNN(k=3, metric=canberra, voting=inverse_distance, retention=different_class)",3,canberra,inverse_distance,different_class,0.9166666666666666,0.8979290331090884,0.00044919998617842793,0.03162680001696572,2.408846855163574
0,"KNN(k=3, metric=canberra, voting=inverse_distance, retention=oblivion_by_goodness)",3,canberra,inverse_distance,oblivion_by_goodness,0.9166666666666666,0.8980329611908558,0.00044219999108463526,0.030988699989393353,2.3941097259521484
0,"KNN(k=3, metric=hamming, voting=majority, retention=never_retain)",3,hamming,majority,never_retain,0.9166666666666666,0.8979290331090884,0.0004360000020824373,0.007907799968961626,5.0157012939453125
0,"KNN(k=3, metric=hamming, voting=majority, retention=always_retain)",3,hamming,majority,always_retain,0.9166666666666666,0.8979290331090884,0.0005002000252716243,0.020633800013456494,1.5164909362792969
0,"KNN(k=3, metric=hamming, voting=majority, retention=different_class)",3,hamming,majority,different_class,0.9027777777777778,0.892982456140351,0.0004745999467559159,0.01534810004523024,1.4127264022827148
0,"KNN(k=3, metric=hamming, voting=majority, retention=oblivion_by_goodness)",3,hamming,majority,oblivion_by_goodness,0.9166666666666666,0.8979290331090884,0.0005185999907553196,0.01626939995912835,1.4137458801269531
0,"KNN(k=3, metric=hamming, voting=inverse_distance, retention=never_retain)",3,hamming,inverse_distance,never_retain,0.9166666666666666,0.8979290331090884,0.00046900002053007483,0.016067699994891882,5.0157012939453125
0,"KNN(k=3, metric=hamming, voting=inverse_distance, retention=always_retain)",3,hamming,inverse_distance,always_retain,0.9166666666666666,0.8979290331090884,0.00042399996891617775,0.027614600025117397,1.5182647705078125
0,"KNN(k=3, metric=hamming, voting=inverse_distance, retention=different_class)",3,hamming,inverse_distance,different_class,0.9166666666666666,0.8979290331090884,0.00043890002416446805,0.023805699951481074,1.411910057067871
0,"KNN(k=3, metric=hamming, voting=inverse_distance, retention=oblivion_by_goodness)",3,hamming,inverse_distance,oblivion_by_goodness,0.9166666666666666,0.8979290331090884,0.00042459997348487377,0.02490429999306798,1.4145774841308594
0,"KNN(k=5, metric=euclidean, voting=majority, retention=never_retain)",5,euclidean,majority,never_retain,0.9027777777777778,0.892982456140351,0.00043750001350417733,0.02061499998671934,67.25486946105957
0,"KNN(k=5, metric=euclidean, voting=majority, retention=always_retain)",5,euclidean,majority,always_retain,0.9166666666666666,0.8979290331090884,0.0004188999882899225,0.015222999965772033,2.036954879760742
0,"KNN(k=5, metric=euclidean, voting=majority, retention=different_class)",5,euclidean,majority,different_class,0.9027777777777778,0.892982456140351,0.0004313999670557678,0.012324800016358495,1.8860702514648438
0,"KNN(k=5, metric=euclidean, voting=majority, retention=oblivion_by_goodness)",5,euclidean,majority,oblivion_by_goodness,0.9166666666666666,0.8973134590863122,0.00042779999785125256,0.014628200035076588,1.8737058639526367
0,"KNN(k=5, metric=euclidean, voting=inverse_distance, retention=never_retain)",5,euclidean,inverse_distance,never_retain,0.9027777777777778,0.892982456140351,0.0004157000221312046,0.03169199998956174,67.25486946105957
0,"KNN(k=5, metric=euclidean, voting=inverse_distance, retention=always_retain)",5,euclidean,inverse_distance,always_retain,0.9166666666666666,0.8979290331090884,0.0004295000107958913,0.028631600027438253,2.0385303497314453
0,"KNN(k=5, metric=euclidean, voting=inverse_distance, retention=different_class)",5,euclidean,inverse_distance,different_class,0.9027777777777778,0.892982456140351,0.0004787000361829996,0.023491899948567152,1.8866043090820312
0,"KNN(k=5, metric=euclidean, voting=inverse_distance, retention=oblivion_by_goodness)",5,euclidean,inverse_distance,oblivion_by_goodness,0.9166666666666666,0.8973134590863122,0.00042050000047311187,0.027028000040445477,1.874190330505371
0,"KNN(k=5, metric=manhattan, voting=majority, retention=never_retain)",5,manhattan,majority,never_retain,0.9027777777777778,0.892982456140351,0.0004239000263623893,0.02125360001809895,66.91906929016113
0,"KNN(k=5, metric=manhattan, voting=majority, retention=always_retain)",5,manhattan,majority,always_retain,0.9166666666666666,0.8979290331090884,0.0004317000275477767,0.01740439998684451,2.030759811401367
0,"KNN(k=5, metric=manhattan, voting=majority, retention=different_class)",5,manhattan,majority,different_class,0.9027777777777778,0.892982456140351,0.0004813999985344708,0.01224549999460578,1.88031005859375
0,"KNN(k=5, metric=manhattan, voting=majority, retention=oblivion_by_goodness)",5,manhattan,majority,oblivion_by_goodness,0.9166666666666666,0.8973134590863122,0.00043459999142214656,0.015185899974312633,1.867915153503418
0,"KNN(k=5, metric=manhattan, voting=inverse_distance, retention=never_retain)",5,manhattan,inverse_distance,never_retain,0.9027777777777778,0.892982456140351,0.00043670000741258264,0.031807699997443706,66.9189624786377
0,"KNN(k=5, metric=manhattan, voting=inverse_distance, retention=always_retain)",5,manhattan,inverse_distance,always_retain,0.9166666666666666,0.8979290331090884,0.00040610000723972917,0.027097600046545267,2.0321292877197266
0,"KNN(k=5, metric=manhattan, voting=inverse_distance, retention=different_class)",5,manhattan,inverse_distance,different_class,0.9166666666666666,0.8979290331090884,0.0004254999803379178,0.022574800008442253,1.8784370422363281
0,"KNN(k=5, metric=manhattan, voting=inverse_distance, retention=oblivion_by_goodness)",5,manhattan,inverse_distance,oblivion_by_goodness,0.9166666666666666,0.8973134590863122,0.0004230999620631337,0.025225300050806254,1.8685483932495117
0,"KNN(k=5, metric=canberra, voting=majority, retention=never_retain)",5,canberra,majority,never_retain,0.9027777777777778,0.892982456140351,0.0005086999735794961,0.04952980001689866,100.48263645172119
0,"KNN(k=5, metric=canberra, voting=majority, retention=always_retain)",5,canberra,majority,always_retain,0.9166666666666666,0.8979290331090884,0.00043070001993328333,0.022745099966414273,2.609929084777832
0,"KNN(k=5, metric=canberra, voting=majority, retention=different_class)",5,canberra,majority,different_class,0.9027777777777778,0.8912280701754386,0.000444800010882318,0.019606399990152568,2.4111928939819336
0,"KNN(k=5, metric=canberra, voting=majority, retention=oblivion_by_goodness)",5,canberra,majority,oblivion_by_goodness,0.9305555555555556,0.935171261487051,0.00044299999717622995,0.020460199972148985,2.393564224243164
0,"KNN(k=5, metric=canberra, voting=inverse_distance, retention=never_retain)",5,canberra,inverse_distance,never_retain,0.9027777777777778,0.892982456140351,0.00045870000030845404,0.06626150000374764,100.48263645172119
0,"KNN(k=5, metric=canberra, voting=inverse_distance, retention=always_retain)",5,canberra,inverse_distance,always_retain,0.9166666666666666,0.8979290331090884,0.0004477999755181372,0.037048500031232834,2.6112565994262695
0,"KNN(k=5, metric=canberra, voting=inverse_distance, retention=different_class)",5,canberra,inverse_distance,different_class,0.9166666666666666,0.8959899749373434,0.0004352999967522919,0.034974200010765344,2.4088659286499023
0,"KNN(k=5, metric=canberra, voting=inverse_distance, retention=oblivion_by_goodness)",5,canberra,inverse_distance,oblivion_by_goodness,0.9305555555555556,0.935171261487051,0.0005053000058978796,0.03138890000991523,2.3940486907958984
0,"KNN(k=5, metric=hamming, voting=majority, retention=never_retain)",5,hamming,majority,never_retain,0.9027777777777778,0.892982456140351,0.000494800042361021,0.008150599955115467,5.015594482421875
0,"KNN(k=5, metric=hamming, voting=majority, retention=always_retain)",5,hamming,majority,always_retain,0.9166666666666666,0.8979290331090884,0.0004844000213779509,0.019537499989382923,1.5164604187011719
0,"KNN(k=5, metric=hamming, voting=majority, retention=different_class)",5,hamming,majority,different_class,0.9027777777777778,0.892982456140351,0.0005215000128373504,0.014074300008360296,1.4126958847045898
0,"KNN(k=5, metric=hamming, voting=majority, retention=oblivion_by_goodness)",5,hamming,majority,oblivion_by_goodness,0.9166666666666666,0.8973134590863122,0.00048559997230768204,0.016294500033836812,1.4144554138183594
0,"KNN(k=5, metric=hamming, voting=inverse_distance, retention=never_retain)",5,hamming,inverse_distance,never_retain,0.9027777777777778,0.892982456140351,0.0004485999816097319,0.01737930002855137,5.015594482421875
0,"KNN(k=5, metric=hamming, voting=inverse_distance, retention=always_retain)",5,hamming,inverse_distance,always_retain,0.9166666666666666,0.8979290331090884,0.00045140000293031335,0.02875040000071749,1.5179367065429688
0,"KNN(k=5, metric=hamming, voting=inverse_distance, retention=different_class)",5,hamming,inverse_distance,different_class,0.9166666666666666,0.8979290331090884,0.00045960000716149807,0.0246482000220567,1.4116315841674805
0,"KNN(k=5, metric=hamming, voting=inverse_distance, retention=oblivion_by_goodness)",5,hamming,inverse_distance,oblivion_by_goodness,0.9166666666666666,0.8973134590863122,0.0004467000253498554,0.026738799992017448,1.4151878356933594
0,"KNN(k=7, metric=euclidean, voting=majority, retention=never_retain)",7,euclidean,majority,never_retain,0.9166666666666666,0.9455480807281361,0.00042719999328255653,0.022368600009940565,67.25476264953613
0,"KNN(k=7, metric=euclidean, voting=majority, retention=always_retain)",7,euclidean,majority,always_retain,0.9027777777777778,0.8854636591478696,0.0004407000378705561,0.015815099992323667,2.036924362182617
0,"KNN(k=7, metric=euclidean, voting=majority, retention=different_class)",7,euclidean,majority,different_class,0.9166666666666666,0.8962406015037594,0.0004264999879524112,0.012182199978269637,1.8836793899536133
0,"KNN(k=7, metric=euclidean, voting=majority, retention=oblivion_by_goodness)",7,euclidean,majority,oblivion_by_goodness,0.9305555555555556,0.9505606120564568,0.00043869996443390846,0.015589300019200891,1.8736753463745117
0,"KNN(k=7, metric=euclidean, voting=inverse_distance, retention=never_retain)",7,euclidean,inverse_distance,never_retain,0.9166666666666666,0.9455480807281361,0.00043620000360533595,0.03244839998660609,67.25476264953613
0,"KNN(k=7, metric=euclidean, voting=inverse_distance, retention=always_retain)",7,euclidean,inverse_distance,always_retain,0.9027777777777778,0.8854636591478696,0.00043730001198127866,0.027509700041264296,2.038400650024414
0,"KNN(k=7, metric=euclidean, voting=inverse_distance, retention=different_class)",7,euclidean,inverse_distance,different_class,0.9166666666666666,0.8962406015037594,0.0004403999773785472,0.024977700028102845,1.8843622207641602
0,"KNN(k=7, metric=euclidean, voting=inverse_distance, retention=oblivion_by_goodness)",7,euclidean,inverse_distance,oblivion_by_goodness,0.9305555555555556,0.9505606120564568,0.000430900021456182,0.028064200014341623,1.874159812927246
0,"KNN(k=7, metric=manhattan, voting=majority, retention=never_retain)",7,manhattan,majority,never_retain,0.9166666666666666,0.9455480807281361,0.0004440000047907233,0.020045599958393723,66.9189624786377
0,"KNN(k=7, metric=manhattan, voting=majority, retention=always_retain)",7,manhattan,majority,always_retain,0.9027777777777778,0.8854636591478696,0.0004873999860137701,0.015394499991089106,2.030729293823242
0,"KNN(k=7, metric=manhattan, voting=majority, retention=different_class)",7,manhattan,majority,different_class,0.9166666666666666,0.8962406015037594,0.0005642999894917011,0.01281149999704212,1.8779802322387695
0,"KNN(k=7, metric=manhattan, voting=majority, retention=oblivion_by_goodness)",7,manhattan,majority,oblivion_by_goodness,0.9305555555555556,0.9505606120564568,0.0005083000287413597,0.016186099965125322,1.8679914474487305
0,"KNN(k=7, metric=manhattan, voting=inverse_distance, retention=never_retain)",7,manhattan,inverse_distance,never_retain,0.9305555555555556,0.9506645401382242,0.0006917999708093703,0.03584889997728169,66.9189624786377
0,"KNN(k=7, metric=manhattan, voting=inverse_distance, retention=always_retain)",7,manhattan,inverse_distance,always_retain,0.9166666666666666,0.8904102361166074,0.0004483000375330448,0.0298293000087142,2.032255172729492
0,"KNN(k=7, metric=manhattan, voting=inverse_distance, retention=different_class)",7,manhattan,inverse_distance,different_class,0.9166666666666666,0.895878452111139,0.00047889997949823737,0.025885400013066828,1.8790092468261719
0,"KNN(k=7, metric=manhattan, voting=inverse_distance, retention=oblivion_by_goodness)",7,manhattan,inverse_distance,oblivion_by_goodness,0.9305555555555556,0.9505606120564568,0.0004916000179946423,0.02951199997914955,1.868525505065918
0,"KNN(k=7, metric=canberra, voting=majority, retention=never_retain)",7,canberra,majority,never_retain,0.9166666666666666,0.9455480807281361,0.0005179999861866236,0.05623159999959171,100.48263645172119
0,"KNN(k=7, metric=canberra, voting=majority, retention=always_retain)",7,canberra,majority,always_retain,0.9027777777777778,0.8854636591478696,0.0007323000463657081,0.02783779997844249,2.6100053787231445
0,"KNN(k=7, metric=canberra, voting=majority, retention=different_class)",7,canberra,majority,different_class,0.9166666666666666,0.8966339293209099,0.0005334000452421606,0.018837299954611808,2.408161163330078
0,"KNN(k=7, metric=canberra, voting=majority, retention=oblivion_by_goodness)",7,canberra,majority,oblivion_by_goodness,0.9166666666666666,0.9447830101569714,0.0004862999776378274,0.022015499998815358,2.3936405181884766
0,"KNN(k=7, metric=canberra, voting=inverse_distance, retention=never_retain)",7,canberra,inverse_distance,never_retain,0.9305555555555556,0.9506645401382242,0.0004434000002220273,0.06538599997293204,100.48263645172119
0,"KNN(k=7, metric=canberra, voting=inverse_distance, retention=always_retain)",7,canberra,inverse_distance,always_retain,0.9166666666666666,0.8904102361166074,0.000430600019171834,0.03810730000259355,2.611283302307129
0,"KNN(k=7, metric=canberra, voting=inverse_distance, retention=different_class)",7,canberra,inverse_distance,different_class,0.9166666666666666,0.8959899749373434,0.0004627000307664275,0.03218759997980669,2.409041404724121
0,"KNN(k=7, metric=canberra, voting=inverse_distance, retention=oblivion_by_goodness)",7,canberra,inverse_distance,oblivion_by_goodness,0.9305555555555556,0.9505606120564568,0.0004545999690890312,0.03514340001856908,2.394174575805664
0,"KNN(k=7, metric=hamming, voting=majority, retention=never_retain)",7,hamming,majority,never_retain,0.9166666666666666,0.9455480807281361,0.0004960999940522015,0.008004100003745407,5.015594482421875
0,"KNN(k=7, metric=hamming, voting=majority, retention=always_retain)",7,hamming,majority,always_retain,0.9027777777777778,0.8854636591478696,0.0005087999743409455,0.02121800003806129,1.5165367126464844
0,"KNN(k=7, metric=hamming, voting=majority, retention=different_class)",7,hamming,majority,different_class,0.9166666666666666,0.8962406015037594,0.0007608999731019139,0.014756300020962954,1.4111747741699219
0,"KNN(k=7, metric=hamming, voting=majority, retention=oblivion_by_goodness)",7,hamming,majority,oblivion_by_goodness,0.9305555555555556,0.9505606120564568,0.00044159998651593924,0.017753399966750294,1.4137611389160156
0,"KNN(k=7, metric=hamming, voting=inverse_distance, retention=never_retain)",7,hamming,inverse_distance,never_retain,0.9305555555555556,0.9506645401382242,0.0004512000014074147,0.019704199978150427,5.015594482421875
0,"KNN(k=7, metric=hamming, voting=inverse_distance, retention=always_retain)",7,hamming,inverse_distance,always_retain,0.9166666666666666,0.8904102361166074,0.0008506000158376992,0.03094939998118207,1.5181121826171875
0,"KNN(k=7, metric=hamming, voting=inverse_distance, retention=different_class)",7,hamming,inverse_distance,different_class,0.9166666666666666,0.895878452111139,0.00048180000158026814,0.027196599985472858,1.4118566513061523
0,"KNN(k=7, metric=hamming, voting=inverse_distance, retention=oblivion_by_goodness)",7,hamming,inverse_distance,oblivion_by_goodness,0.9305555555555556,0.9505606120564568,0.0004743000026792288,0.03107659996021539,1.4143447875976562
1,"KNN(k=3, metric=euclidean, voting=majority, retention=never_retain)",3,euclidean,majority,never_retain,0.927536231884058,0.9541910331384015,0.0004940999788232148,0.024395500018727034,64.8015079498291
1,"KNN(k=3, metric=euclidean, voting=majority, retention=always_retain)",3,euclidean,majority,always_retain,0.927536231884058,0.9576042502771089,0.0004529000143520534,0.018014499975834042,2.038865089416504
1,"KNN(k=3, metric=euclidean, voting=majority, retention=different_class)",3,euclidean,majority,different_class,0.9130434782608695,0.9483430799220274,0.00046660000225529075,0.012176299991551787,1.8926668167114258
1,"KNN(k=3, metric=euclidean, voting=majority, retention=oblivion_by_goodness)",3,euclidean,majority,oblivion_by_goodness,0.9130434782608695,0.9431437389770723,0.00047109997831285,0.016319499991368502,1.8827314376831055
1,"KNN(k=3, metric=euclidean, voting=inverse_distance, retention=never_retain)",3,euclidean,inverse_distance,never_retain,0.927536231884058,0.9541910331384015,0.0004754000110551715,0.0320693000103347,64.78835487365723
1,"KNN(k=3, metric=euclidean, voting=inverse_distance, retention=always_retain)",3,euclidean,inverse_distance,always_retain,0.927536231884058,0.9576042502771089,0.0004354999982751906,0.026862500002607703,2.0460939407348633
1,"KNN(k=3, metric=euclidean, voting=inverse_distance, retention=different_class)",3,euclidean,inverse_distance,different_class,0.9130434782608695,0.9483430799220274,0.00043869996443390846,0.021885399997700006,1.8939447402954102
1,"KNN(k=3, metric=euclidean, voting=inverse_distance, retention=oblivion_by_goodness)",3,euclidean,inverse_distance,oblivion_by_goodness,0.9130434782608695,0.9431437389770723,0.0004354999982751906,0.024017899995669723,1.8835630416870117
1,"KNN(k=3, metric=manhattan, voting=majority, retention=never_retain)",3,manhattan,majority,never_retain,0.927536231884058,0.9541910331384015,0.0004659999976865947,0.02455790003295988,64.4649600982666
1,"KNN(k=3, metric=manhattan, voting=majority, retention=always_retain)",3,manhattan,majority,always_retain,0.927536231884058,0.9576042502771089,0.0004932999727316201,0.014711599971633404,2.032670021057129
1,"KNN(k=3, metric=manhattan, voting=majority, retention=different_class)",3,manhattan,majority,different_class,0.9130434782608695,0.9483430799220274,0.00047369999811053276,0.01166159997228533,1.8869447708129883
1,"KNN(k=3, metric=manhattan, voting=majority, retention=oblivion_by_goodness)",3,manhattan,majority,oblivion_by_goodness,0.9130434782608695,0.9431437389770723,0.0004670000053010881,0.013636999996379018,1.8770246505737305
1,"KNN(k=3, metric=manhattan, voting=inverse_distance, retention=never_retain)",3,manhattan,inverse_distance,never_retain,0.927536231884058,0.9541910331384015,0.0004322000313550234,0.034370900015346706,64.4649600982666
1,"KNN(k=3, metric=manhattan, voting=inverse_distance, retention=always_retain)",3,manhattan,inverse_distance,always_retain,0.927536231884058,0.9576042502771089,0.00047179998364299536,0.026278599980287254,2.03627872467041
1,"KNN(k=3, metric=manhattan, voting=inverse_distance, retention=different_class)",3,manhattan,inverse_distance,different_class,0.9130434782608695,0.948285747047357,0.00047389999963343143,0.021866100025363266,1.8881731033325195
1,"KNN(k=3, metric=manhattan, voting=inverse_distance, retention=oblivion_by_goodness)",3,manhattan,inverse_distance,oblivion_by_goodness,0.9130434782608695,0.9431437389770723,0.0004765999619849026,0.023835300002247095,1.8777570724487305
1,"KNN(k=3, metric=canberra, voting=majority, retention=never_retain)",3,canberra,majority,never_retain,0.927536231884058,0.9541910331384015,0.00044319999869912863,0.05383679998340085,96.78809452056885
1,"KNN(k=3, metric=canberra, voting=majority, retention=always_retain)",3,canberra,majority,always_retain,0.9130434782608695,0.9447502197760195,0.0004638000391423702,0.022708199976477772,2.6119461059570312
1,"KNN(k=3, metric=canberra, voting=majority, retention=different_class)",3,canberra,majority,different_class,0.9130434782608695,0.948285747047357,0.0004496999899856746,0.017666100000496954,2.419391632080078
1,"KNN(k=3, metric=canberra, voting=majority, retention=oblivion_by_goodness)",3,canberra,majority,oblivion_by_goodness,0.9130434782608695,0.9345743853096794,0.000444800010882318,0.01921469997614622,2.404939651489258
1,"KNN(k=3, metric=canberra, voting=inverse_distance, retention=never_retain)",3,canberra,inverse_distance,never_retain,0.927536231884058,0.9541910331384015,0.0004637999809347093,0.06214719999115914,96.78809452056885
1,"KNN(k=3, metric=canberra, voting=inverse_distance, retention=always_retain)",3,canberra,inverse_distance,always_retain,0.9130434782608695,0.9447502197760195,0.0006563999922946095,0.034848300041630864,2.6152572631835938
1,"KNN(k=3, metric=canberra, voting=inverse_distance, retention=different_class)",3,canberra,inverse_distance,different_class,0.9130434782608695,0.948285747047357,0.0004305999609641731,0.02964989998145029,2.4202728271484375
1,"KNN(k=3, metric=canberra, voting=inverse_distance, retention=oblivion_by_goodness)",3,canberra,inverse_distance,oblivion_by_goodness,0.9130434782608695,0.9345743853096794,0.000514900020789355,0.029731599963270128,2.405672073364258
1,"KNN(k=3, metric=hamming, voting=majority, retention=never_retain)",3,hamming,majority,never_retain,0.927536231884058,0.9541910331384015,0.0004428999964147806,0.007507100002840161,4.851938247680664
1,"KNN(k=3, metric=hamming, voting=majority, retention=always_retain)",3,hamming,majority,always_retain,0.927536231884058,0.9576042502771089,0.0004803999909199774,0.017692700028419495,1.518477439880371
1,"KNN(k=3, metric=hamming, voting=majority, retention=different_class)",3,hamming,majority,different_class,0.9130434782608695,0.9483430799220274,0.0005671000108122826,0.01328700000885874,1.41778564453125
1,"KNN(k=3, metric=hamming, voting=majority, retention=oblivion_by_goodness)",3,hamming,majority,oblivion_by_goodness,0.9130434782608695,0.9431437389770723,0.0004819000023417175,0.022588799998629838,1.4213552474975586
1,"KNN(k=3, metric=hamming, voting=inverse_distance, retention=never_retain)",3,hamming,inverse_distance,never_retain,0.927536231884058,0.9541910331384015,0.0007273000082932413,0.021672300004865974,4.851938247680664
1,"KNN(k=3, metric=hamming, voting=inverse_distance, retention=always_retain)",3,hamming,inverse_distance,always_retain,0.927536231884058,0.9576042502771089,0.0005502999993041158,0.037470400042366236,1.5204992294311523
1,"KNN(k=3, metric=hamming, voting=inverse_distance, retention=different_class)",3,hamming,inverse_distance,different_class,0.9130434782608695,0.948285747047357,0.0005119999987073243,0.025427800021134317,1.4186668395996094
1,"KNN(k=3, metric=hamming, voting=inverse_distance, retention=oblivion_by_goodness)",3,hamming,inverse_distance,oblivion_by_goodness,0.9130434782608695,0.9431437389770723,0.00046149996342137456,0.025433900009375066,1.421839714050293
1,"KNN(k=5, metric=euclidean, voting=majority, retention=never_retain)",5,euclidean,majority,never_retain,0.9130434782608695,0.9377566514821418,0.00044080003863200545,0.024909499974455684,64.78835487365723
1,"KNN(k=5, metric=euclidean, voting=majority, retention=always_retain)",5,euclidean,majority,always_retain,0.8985507246376812,0.9401407869545125,0.0005037999944761395,0.017047700006514788,2.0389413833618164
1,"KNN(k=5, metric=euclidean, voting=majority, retention=different_class)",5,euclidean,majority,different_class,0.8840579710144928,0.926864481702504,0.00046790001215413213,0.012167499982751906,1.8974628448486328
1,"KNN(k=5, metric=euclidean, voting=majority, retention=oblivion_by_goodness)",5,euclidean,majority,oblivion_by_goodness,0.8405797101449275,0.9099324060108375,0.0005526000168174505,0.014578500005882233,1.8827314376831055
1,"KNN(k=5, metric=euclidean, voting=inverse_distance, retention=never_retain)",5,euclidean,inverse_distance,never_retain,0.9130434782608695,0.9377566514821418,0.00043729995377361774,0.03213720000348985,64.78835487365723
1,"KNN(k=5, metric=euclidean, voting=inverse_distance, retention=always_retain)",5,euclidean,inverse_distance,always_retain,0.8985507246376812,0.9401407869545125,0.0004366000066511333,0.027518799994140863,2.041012763977051
1,"KNN(k=5, metric=euclidean, voting=inverse_distance, retention=different_class)",5,euclidean,inverse_distance,different_class,0.8840579710144928,0.926864481702504,0.00044350000098347664,0.023240000009536743,1.8981456756591797
1,"KNN(k=5, metric=euclidean, voting=inverse_distance, retention=oblivion_by_goodness)",5,euclidean,inverse_distance,oblivion_by_goodness,0.8405797101449275,0.9099324060108375,0.00044520001392811537,0.02568379999138415,1.883082389831543
1,"KNN(k=5, metric=manhattan, voting=majority, retention=never_retain)",5,manhattan,majority,never_retain,0.9130434782608695,0.9377566514821418,0.0004597000079229474,0.024445399991236627,64.4649600982666
1,"KNN(k=5, metric=manhattan, voting=majority, retention=always_retain)",5,manhattan,majority,always_retain,0.8985507246376812,0.9401407869545125,0.0005068000173196197,0.016323099960573018,2.0327463150024414
1,"KNN(k=5, metric=manhattan, voting=majority, retention=different_class)",5,manhattan,majority,different_class,0.8840579710144928,0.926864481702504,0.0005112999933771789,0.01230629999190569,1.8917255401611328
1,"KNN(k=5, metric=manhattan, voting=majority, retention=oblivion_by_goodness)",5,manhattan,majority,oblivion_by_goodness,0.8405797101449275,0.9099324060108375,0.0005104000447317958,0.015062299964483827,1.8770551681518555
1,"KNN(k=5, metric=manhattan, voting=inverse_distance, retention=never_retain)",5,manhattan,inverse_distance,never_retain,0.8985507246376812,0.9320883909119204,0.0005116000538691878,0.03333430003840476,64.4649600982666
1,"KNN(k=5, metric=manhattan, voting=inverse_distance, retention=always_retain)",5,manhattan,inverse_distance,always_retain,0.8985507246376812,0.9401407869545125,0.00048539997078478336,0.027403500047512352,2.034867286682129
1,"KNN(k=5, metric=manhattan, voting=inverse_distance, retention=different_class)",5,manhattan,inverse_distance,different_class,0.8840579710144928,0.926864481702504,0.0007243999862112105,0.024010499997530133,1.8926067352294922
1,"KNN(k=5, metric=manhattan, voting=inverse_distance, retention=oblivion_by_goodness)",5,manhattan,inverse_distance,oblivion_by_goodness,0.8405797101449275,0.9099324060108375,0.0005161999724805355,0.02932089997921139,1.877406120300293
1,"KNN(k=5, metric=canberra, voting=majority, retention=never_retain)",5,canberra,majority,never_retain,0.9130434782608695,0.9377566514821418,0.000519900000654161,0.054975499981082976,96.78809452056885
1,"KNN(k=5, metric=canberra, voting=majority, retention=always_retain)",5,canberra,majority,always_retain,0.9130434782608695,0.9457412594667497,0.0004482000367715955,0.02091109997127205,2.6120223999023438
1,"KNN(k=5, metric=canberra, voting=majority, retention=different_class)",5,canberra,majority,different_class,0.8840579710144928,0.926864481702504,0.0004371999530121684,0.01816730003338307,2.42568302154541
1,"KNN(k=5, metric=canberra, voting=majority, retention=oblivion_by_goodness)",5,canberra,majority,oblivion_by_goodness,0.8840579710144928,0.9342991222253798,0.0004379000165499747,0.020512299961410463,2.404970169067383
1,"KNN(k=5, metric=canberra, voting=inverse_distance, retention=never_retain)",5,canberra,inverse_distance,never_retain,0.8985507246376812,0.9320883909119204,0.00044620002154260874,0.054778699995949864,96.78809452056885
1,"KNN(k=5, metric=canberra, voting=inverse_distance, retention=always_retain)",5,canberra,inverse_distance,always_retain,0.9130434782608695,0.9457412594667497,0.0004336999845691025,0.03410980000626296,2.613250732421875
1,"KNN(k=5, metric=canberra, voting=inverse_distance, retention=different_class)",5,canberra,inverse_distance,different_class,0.8840579710144928,0.926864481702504,0.0004976000054739416,0.029523500008508563,2.4266138076782227
1,"KNN(k=5, metric=canberra, voting=inverse_distance, retention=oblivion_by_goodness)",5,canberra,inverse_distance,oblivion_by_goodness,0.8840579710144928,0.9342991222253798,0.0004349999944679439,0.03196509997360408,2.4053211212158203
1,"KNN(k=5, metric=hamming, voting=majority, retention=never_retain)",5,hamming,majority,never_retain,0.9130434782608695,0.9377566514821418,0.00043559999903663993,0.007449599972460419,4.851938247680664
1,"KNN(k=5, metric=hamming, voting=majority, retention=always_retain)",5,hamming,majority,always_retain,0.8985507246376812,0.9401407869545125,0.00044789997627958655,0.020095999992918223,1.5185537338256836
1,"KNN(k=5, metric=hamming, voting=majority, retention=different_class)",5,hamming,majority,different_class,0.8840579710144928,0.926864481702504,0.00044540001545101404,0.013694899971596897,1.421238899230957
1,"KNN(k=5, metric=hamming, voting=majority, retention=oblivion_by_goodness)",5,hamming,majority,oblivion_by_goodness,0.8405797101449275,0.9099324060108375,0.00043789995834231377,0.01630379998823628,1.421339988708496
1,"KNN(k=5, metric=hamming, voting=inverse_distance, retention=never_retain)",5,hamming,inverse_distance,never_retain,0.8985507246376812,0.9320883909119204,0.0004363000043667853,0.018291600048542023,4.851938247680664
1,"KNN(k=5, metric=hamming, voting=inverse_distance, retention=always_retain)",5,hamming,inverse_distance,always_retain,0.8985507246376812,0.9401407869545125,0.000450999999884516,0.027835399960167706,1.5205259323120117
1,"KNN(k=5, metric=hamming, voting=inverse_distance, retention=different_class)",5,hamming,inverse_distance,different_class,0.8840579710144928,0.926864481702504,0.00043920002644881606,0.025576499989256263,1.4218225479125977
1,"KNN(k=5, metric=hamming, voting=inverse_distance, retention=oblivion_by_goodness)",5,hamming,inverse_distance,oblivion_by_goodness,0.8405797101449275,0.9099324060108375,0.00043189997086301446,0.02774170000338927,1.421675682067871
1,"KNN(k=7, metric=euclidean, voting=majority, retention=never_retain)",7,euclidean,majority,never_retain,0.927536231884058,0.9657135076252723,0.0005291999550536275,0.019438099989201874,64.78835487365723
1,"KNN(k=7, metric=euclidean, voting=majority, retention=always_retain)",7,euclidean,majority,always_retain,0.8695652173913043,0.9347620851883427,0.0004498999915085733,0.015224199974909425,2.039017677307129
1,"KNN(k=7, metric=euclidean, voting=majority, retention=different_class)",7,euclidean,majority,different_class,0.8985507246376812,0.9534818919516277,0.00044350000098347664,0.01223960000788793,1.8951606750488281
1,"KNN(k=7, metric=euclidean, voting=majority, retention=oblivion_by_goodness)",7,euclidean,majority,oblivion_by_goodness,0.8695652173913043,0.928522149600581,0.00043700000969693065,0.015425599995069206,1.882807731628418
1,"KNN(k=7, metric=euclidean, voting=inverse_distance, retention=never_retain)",7,euclidean,inverse_distance,never_retain,0.927536231884058,0.9657135076252723,0.0004659999976865947,0.0313066000235267,64.78835487365723
1,"KNN(k=7, metric=euclidean, voting=inverse_distance, retention=always_retain)",7,euclidean,inverse_distance,always_retain,0.8695652173913043,0.9347620851883427,0.00043239997467026114,0.027126500033773482,2.04103946685791
1,"KNN(k=7, metric=euclidean, voting=inverse_distance, retention=different_class)",7,euclidean,inverse_distance,different_class,0.8985507246376812,0.9534818919516277,0.00044469995191320777,0.024147999996785074,1.8959922790527344
1,"KNN(k=7, metric=euclidean, voting=inverse_distance, retention=oblivion_by_goodness)",7,euclidean,inverse_distance,oblivion_by_goodness,0.8695652173913043,0.928522149600581,0.0004363000043667853,0.02747349999845028,1.8831586837768555
1,"KNN(k=7, metric=manhattan, voting=majority, retention=never_retain)",7,manhattan,majority,never_retain,0.927536231884058,0.9657135076252723,0.0004346999921835959,0.019512299972120672,64.4649600982666
1,"KNN(k=7, metric=manhattan, voting=majority, retention=always_retain)",7,manhattan,majority,always_retain,0.8695652173913043,0.9347620851883427,0.00043760001426562667,0.015403499943204224,2.032822608947754
1,"KNN(k=7, metric=manhattan, voting=majority, retention=different_class)",7,manhattan,majority,different_class,0.8985507246376812,0.9534818919516277,0.0004206000012345612,0.011639999982435256,1.8894309997558594
1,"KNN(k=7, metric=manhattan, voting=majority, retention=oblivion_by_goodness)",7,manhattan,majority,oblivion_by_goodness,0.8695652173913043,0.928522149600581,0.0004374999552965164,0.01499090000288561,1.877131462097168
1,"KNN(k=7, metric=manhattan, voting=inverse_distance, retention=never_retain)",7,manhattan,inverse_distance,never_retain,0.927536231884058,0.9658743126880383,0.00042480003321543336,0.030403499957174063,64.4649600982666
1,"KNN(k=7, metric=manhattan, voting=inverse_distance, retention=always_retain)",7,manhattan,inverse_distance,always_retain,0.8695652173913043,0.9359295570079884,0.0004387000226415694,0.026934699970297515,2.0345468521118164
1,"KNN(k=7, metric=manhattan, voting=inverse_distance, retention=different_class)",7,manhattan,inverse_distance,different_class,0.8840579710144928,0.9392965603749919,0.0004589000018313527,0.02424200001405552,1.89251708984375
1,"KNN(k=7, metric=manhattan, voting=inverse_distance, retention=oblivion_by_goodness)",7,manhattan,inverse_distance,oblivion_by_goodness,0.8695652173913043,0.928522149600581,0.0004414999857544899,0.027339199965354055,1.8774824142456055
1,"KNN(k=7, metric=canberra, voting=majority, retention=never_retain)",7,canberra,majority,never_retain,0.927536231884058,0.9657135076252723,0.0004841999616473913,0.0450260000070557,96.78809452056885
1,"KNN(k=7, metric=canberra, voting=majority, retention=always_retain)",7,canberra,majority,always_retain,0.8695652173913043,0.9195434739552388,0.0004810999962501228,0.023003600013908,2.6120986938476562
1,"KNN(k=7, metric=canberra, voting=majority, retention=different_class)",7,canberra,majority,different_class,0.8985507246376812,0.9534818919516277,0.00044159998651593924,0.018029300030320883,2.422633171081543
1,"KNN(k=7, metric=canberra, voting=majority, retention=oblivion_by_goodness)",7,canberra,majority,oblivion_by_goodness,0.8840579710144928,0.9266702977487292,0.0004485999816097319,0.0211117000435479,2.4050464630126953
1,"KNN(k=7, metric=canberra, voting=inverse_distance, retention=never_retain)",7,canberra,inverse_distance,never_retain,0.927536231884058,0.9658743126880383,0.00043680000817403197,0.05502410000190139,96.78809452056885
1,"KNN(k=7, metric=canberra, voting=inverse_distance, retention=always_retain)",7,canberra,inverse_distance,always_retain,0.8695652173913043,0.9203285339900857,0.0004335999838076532,0.03420740005094558,2.6138229370117188
1,"KNN(k=7, metric=canberra, voting=inverse_distance, retention=different_class)",7,canberra,inverse_distance,different_class,0.8840579710144928,0.9392965603749919,0.00043969997204840183,0.03055220004171133,2.426821708679199
1,"KNN(k=7, metric=canberra, voting=inverse_distance, retention=oblivion_by_goodness)",7,canberra,inverse_distance,oblivion_by_goodness,0.8840579710144928,0.9266702977487292,0.00044450000859797,0.03393570001935586,2.4053478240966797
1,"KNN(k=7, metric=hamming, voting=majority, retention=never_retain)",7,hamming,majority,never_retain,0.927536231884058,0.9657135076252723,0.0004618999664671719,0.00754140003118664,4.851938247680664
1,"KNN(k=7, metric=hamming, voting=majority, retention=always_retain)",7,hamming,majority,always_retain,0.8695652173913043,0.9347620851883427,0.0004512000014074147,0.01686360000167042,1.518630027770996
1,"KNN(k=7, metric=hamming, voting=majority, retention=different_class)",7,hamming,majority,different_class,0.8985507246376812,0.9534818919516277,0.00043559999903663993,0.013726300036069006,1.4196996688842773
1,"KNN(k=7, metric=hamming, voting=majority, retention=oblivion_by_goodness)",7,hamming,majority,oblivion_by_goodness,0.8695652173913043,0.928522149600581,0.0004336999845691025,0.017600400024093688,1.4214391708374023
1,"KNN(k=7, metric=hamming, voting=inverse_distance, retention=never_retain)",7,hamming,inverse_distance,never_retain,0.927536231884058,0.9658743126880383,0.00043779995758086443,0.019095600000582635,4.851938247680664
1,"KNN(k=7, metric=hamming, voting=inverse_distance, retention=always_retain)",7,hamming,inverse_distance,always_retain,0.8695652173913043,0.9359295570079884,0.0004352999967522919,0.029428399982862175,1.5204534530639648
1,"KNN(k=7, metric=hamming, voting=inverse_distance, retention=different_class)",7,hamming,inverse_distance,different_class,0.8840579710144928,0.9392965603749919,0.00044440000783652067,0.025955299963243306,1.422327995300293
1,"KNN(k=7, metric=hamming, voting=inverse_distance, retention=oblivion_by_goodness)",7,hamming,inverse_distance,oblivion_by_goodness,0.8695652173913043,0.928522149600581,0.0004507999983616173,0.02948519994970411,1.4218244552612305
2,"KNN(k=3, metric=euclidean, voting=majority, retention=never_retain)",3,euclidean,majority,never_retain,0.9538461538461539,0.980952380952381,0.00044249999336898327,0.018254399998113513,61.53096961975098
2,"KNN(k=3, metric=euclidean, voting=majority, retention=always_retain)",3,euclidean,majority,always_retain,0.9538461538461539,0.980952380952381,0.00042779999785125256,0.015270199975930154,2.0939531326293945
2,"KNN(k=3, metric=euclidean, voting=majority, retention=different_class)",3,euclidean,majority,different_class,0.9384615384615385,0.9591658885776534,0.00042939995182678103,0.01158769999165088,1.9492816925048828
2,"KNN(k=3, metric=euclidean, voting=majority, retention=oblivion_by_goodness)",3,euclidean,majority,oblivion_by_goodness,0.9692307692307692,0.9874999999999999,0.0004422999918460846,0.013115999987348914,1.9441556930541992
2,"KNN(k=3, metric=euclidean, voting=inverse_distance, retention=never_retain)",3,euclidean,inverse_distance,never_retain,0.9538461538461539,0.980952380952381,0.0007857999880798161,0.027020499983336776,61.50675964355469
2,"KNN(k=3, metric=euclidean, voting=inverse_distance, retention=always_retain)",3,euclidean,inverse_distance,always_retain,0.9538461538461539,0.980952380952381,0.0004282000008970499,0.02301199996145442,2.0947046279907227
2,"KNN(k=3, metric=euclidean, voting=inverse_distance, retention=different_class)",3,euclidean,inverse_distance,different_class,0.9384615384615385,0.9591658885776534,0.00042619998566806316,0.020264499995391816,1.9499645233154297
2,"KNN(k=3, metric=euclidean, voting=inverse_distance, retention=oblivion_by_goodness)",3,euclidean,inverse_distance,oblivion_by_goodness,0.9692307692307692,0.9874999999999999,0.00045270001282915473,0.022335599991492927,1.9444913864135742
2,"KNN(k=3, metric=manhattan, voting=majority, retention=never_retain)",3,manhattan,majority,never_retain,0.9538461538461539,0.980952380952381,0.00047400000039488077,0.019066200009547174,61.199846267700195
2,"KNN(k=3, metric=manhattan, voting=majority, retention=always_retain)",3,manhattan,majority,always_retain,0.9538461538461539,0.980952380952381,0.0005019999807700515,0.0139861999778077,2.0845537185668945
2,"KNN(k=3, metric=manhattan, voting=majority, retention=different_class)",3,manhattan,majority,different_class,0.9384615384615385,0.9591658885776534,0.0004620999679900706,0.011505600006785244,1.9435443878173828
2,"KNN(k=3, metric=manhattan, voting=majority, retention=oblivion_by_goodness)",3,manhattan,majority,oblivion_by_goodness,0.9692307692307692,0.9874999999999999,0.00045520003186538815,0.012807199964299798,1.9384183883666992
2,"KNN(k=3, metric=manhattan, voting=inverse_distance, retention=never_retain)",3,manhattan,inverse_distance,never_retain,0.9538461538461539,0.980952380952381,0.000423500023316592,0.02607770002214238,61.199846267700195
2,"KNN(k=3, metric=manhattan, voting=inverse_distance, retention=always_retain)",3,manhattan,inverse_distance,always_retain,0.9538461538461539,0.980952380952381,0.00043920002644881606,0.023522300005424768,2.0873193740844727
2,"KNN(k=3, metric=manhattan, voting=inverse_distance, retention=different_class)",3,manhattan,inverse_distance,different_class,0.9384615384615385,0.9591658885776534,0.00047909998102113605,0.020833700022194535,1.9444255828857422
2,"KNN(k=3, metric=manhattan, voting=inverse_distance, retention=oblivion_by_goodness)",3,manhattan,inverse_distance,oblivion_by_goodness,0.9692307692307692,0.9874999999999999,0.00042749999556690454,0.022380399983376265,1.9388532638549805
2,"KNN(k=3, metric=canberra, voting=majority, retention=never_retain)",3,canberra,majority,never_retain,0.9538461538461539,0.980952380952381,0.00044490001164376736,0.04239200003212318,91.84756565093994
2,"KNN(k=3, metric=canberra, voting=majority, retention=always_retain)",3,canberra,majority,always_retain,0.9538461538461539,0.980952380952381,0.00044510001316666603,0.023041500011458993,2.663829803466797
2,"KNN(k=3, metric=canberra, voting=majority, retention=different_class)",3,canberra,majority,different_class,0.9538461538461539,0.980952380952381,0.0004426000523380935,0.017879399994853884,2.4744014739990234
2,"KNN(k=3, metric=canberra, voting=majority, retention=oblivion_by_goodness)",3,canberra,majority,oblivion_by_goodness,0.9692307692307692,0.9874999999999999,0.0004444999503903091,0.0190191000001505,2.4693546295166016
2,"KNN(k=3, metric=canberra, voting=inverse_distance, retention=never_retain)",3,canberra,inverse_distance,never_retain,0.9538461538461539,0.980952380952381,0.00042349996510893106,0.049393200024496764,91.84756565093994
2,"KNN(k=3, metric=canberra, voting=inverse_distance, retention=always_retain)",3,canberra,inverse_distance,always_retain,0.9538461538461539,0.980952380952381,0.0004414999857544899,0.0332660999847576,2.666545867919922
2,"KNN(k=3, metric=canberra, voting=inverse_distance, retention=different_class)",3,canberra,inverse_distance,different_class,0.9538461538461539,0.980952380952381,0.00042860000394284725,0.0272056000540033,2.4747867584228516
2,"KNN(k=3, metric=canberra, voting=inverse_distance, retention=oblivion_by_goodness)",3,canberra,inverse_distance,oblivion_by_goodness,0.9692307692307692,0.9874999999999999,0.00045709998812526464,0.028145399992354214,2.4696903228759766
2,"KNN(k=3, metric=hamming, voting=majority, retention=never_retain)",3,hamming,majority,never_retain,0.9538461538461539,0.980952380952381,0.000424700032453984,0.007163100002799183,4.680059432983398
2,"KNN(k=3, metric=hamming, voting=majority, retention=always_retain)",3,hamming,majority,always_retain,0.9538461538461539,0.980952380952381,0.0004366000066511333,0.019555400009267032,1.5704526901245117
2,"KNN(k=3, metric=hamming, voting=majority, retention=different_class)",3,hamming,majority,different_class,0.9384615384615385,0.9591658885776534,0.0004165000282227993,0.013298999983817339,1.4730653762817383
2,"KNN(k=3, metric=hamming, voting=majority, retention=oblivion_by_goodness)",3,hamming,majority,oblivion_by_goodness,0.9692307692307692,0.9874999999999999,0.0004425999941304326,0.015135699999518692,1.4789609909057617
2,"KNN(k=3, metric=hamming, voting=inverse_distance, retention=never_retain)",3,hamming,inverse_distance,never_retain,0.9538461538461539,0.980952380952381,0.00043479999294504523,0.015474600018933415,4.680059432983398
2,"KNN(k=3, metric=hamming, voting=inverse_distance, retention=always_retain)",3,hamming,inverse_distance,always_retain,0.9538461538461539,0.980952380952381,0.00044520001392811537,0.026555399992503226,1.572524070739746
2,"KNN(k=3, metric=hamming, voting=inverse_distance, retention=different_class)",3,hamming,inverse_distance,different_class,0.9384615384615385,0.9591658885776534,0.0004396000294946134,0.023811399994883686,1.473649024963379
2,"KNN(k=3, metric=hamming, voting=inverse_distance, retention=oblivion_by_goodness)",3,hamming,inverse_distance,oblivion_by_goodness,0.9692307692307692,0.9874999999999999,0.00046069995732977986,0.025685500004328787,1.479395866394043
2,"KNN(k=5, metric=euclidean, voting=majority, retention=never_retain)",5,euclidean,majority,never_retain,0.9538461538461539,0.9814241486068112,0.0004702000296674669,0.018466999987140298,61.506486892700195
2,"KNN(k=5, metric=euclidean, voting=majority, retention=always_retain)",5,euclidean,majority,always_retain,0.9538461538461539,0.9814241486068112,0.00043320003896951675,0.01561599998967722,2.090825080871582
2,"KNN(k=5, metric=euclidean, voting=majority, retention=different_class)",5,euclidean,majority,different_class,0.9538461538461539,0.980952380952381,0.0004535000189207494,0.012138499994762242,1.947005271911621
2,"KNN(k=5, metric=euclidean, voting=majority, retention=oblivion_by_goodness)",5,euclidean,majority,oblivion_by_goodness,0.9538461538461539,0.9814241486068112,0.0005541000282391906,0.014811199973337352,1.9442319869995117
2,"KNN(k=5, metric=euclidean, voting=inverse_distance, retention=never_retain)",5,euclidean,inverse_distance,never_retain,0.9538461538461539,0.9814241486068112,0.0004379000165499747,0.028644600010011345,61.506486892700195
2,"KNN(k=5, metric=euclidean, voting=inverse_distance, retention=always_retain)",5,euclidean,inverse_distance,always_retain,0.9538461538461539,0.9814241486068112,0.000527299998793751,0.0263606000225991,2.0924501419067383
2,"KNN(k=5, metric=euclidean, voting=inverse_distance, retention=different_class)",5,euclidean,inverse_distance,different_class,0.9538461538461539,0.980952380952381,0.000583800021559,0.022746599977836013,1.947737693786621
2,"KNN(k=5, metric=euclidean, voting=inverse_distance, retention=oblivion_by_goodness)",5,euclidean,inverse_distance,oblivion_by_goodness,0.9538461538461539,0.9814241486068112,0.0004779000300914049,0.02502409997396171,1.9445676803588867
2,"KNN(k=5, metric=manhattan, voting=majority, retention=never_retain)",5,manhattan,majority,never_retain,0.9538461538461539,0.9814241486068112,0.0004619000246748328,0.020027299993671477,61.199846267700195
2,"KNN(k=5, metric=manhattan, voting=majority, retention=always_retain)",5,manhattan,majority,always_retain,0.9538461538461539,0.9814241486068112,0.0004165000282227993,0.01546200003940612,2.084630012512207
2,"KNN(k=5, metric=manhattan, voting=majority, retention=different_class)",5,manhattan,majority,different_class,0.9538461538461539,0.980952380952381,0.0004364000051282346,0.011769399978220463,1.9412755966186523
2,"KNN(k=5, metric=manhattan, voting=majority, retention=oblivion_by_goodness)",5,manhattan,majority,oblivion_by_goodness,0.9538461538461539,0.9814241486068112,0.0004654000513255596,0.013072900008410215,1.9384946823120117
2,"KNN(k=5, metric=manhattan, voting=inverse_distance, retention=never_retain)",5,manhattan,inverse_distance,never_retain,0.9538461538461539,0.9814241486068112,0.0004495999892242253,0.028742800001055002,61.199846267700195
2,"KNN(k=5, metric=manhattan, voting=inverse_distance, retention=always_retain)",5,manhattan,inverse_distance,always_retain,0.9538461538461539,0.9814241486068112,0.00042050000047311187,0.026197099999990314,2.0868005752563477
2,"KNN(k=5, metric=manhattan, voting=inverse_distance, retention=different_class)",5,manhattan,inverse_distance,different_class,0.9538461538461539,0.980952380952381,0.00043590000132098794,0.021125300030689687,1.9419584274291992
2,"KNN(k=5, metric=manhattan, voting=inverse_distance, retention=oblivion_by_goodness)",5,manhattan,inverse_distance,oblivion_by_goodness,0.9538461538461539,0.9814241486068112,0.000430600019171834,0.02368019998539239,1.9388799667358398
2,"KNN(k=5, metric=canberra, voting=majority, retention=never_retain)",5,canberra,majority,never_retain,0.9538461538461539,0.9814241486068112,0.00043000001460313797,0.0426551999989897,91.84756565093994
2,"KNN(k=5, metric=canberra, voting=majority, retention=always_retain)",5,canberra,majority,always_retain,0.9538461538461539,0.9814241486068112,0.00042399996891617775,0.023052699980325997,2.6639060974121094
2,"KNN(k=5, metric=canberra, voting=majority, retention=different_class)",5,canberra,majority,different_class,0.9538461538461539,0.980952380952381,0.0004228000179864466,0.01703380001708865,2.474477767944336
2,"KNN(k=5, metric=canberra, voting=majority, retention=oblivion_by_goodness)",5,canberra,majority,oblivion_by_goodness,0.9538461538461539,0.9814241486068112,0.00042580004082992673,0.019623300002422184,2.469430923461914
2,"KNN(k=5, metric=canberra, voting=inverse_distance, retention=never_retain)",5,canberra,inverse_distance,never_retain,0.9538461538461539,0.9814241486068112,0.0004650999908335507,0.05059940001228824,91.84756565093994
2,"KNN(k=5, metric=canberra, voting=inverse_distance, retention=always_retain)",5,canberra,inverse_distance,always_retain,0.9538461538461539,0.9814241486068112,0.0004188999882899225,0.031104399997275323,2.6660308837890625
2,"KNN(k=5, metric=canberra, voting=inverse_distance, retention=different_class)",5,canberra,inverse_distance,different_class,0.9538461538461539,0.980952380952381,0.00043000001460313797,0.02937120001297444,2.4750614166259766
2,"KNN(k=5, metric=canberra, voting=inverse_distance, retention=oblivion_by_goodness)",5,canberra,inverse_distance,oblivion_by_goodness,0.9538461538461539,0.9814241486068112,0.00044570001773536205,0.02924679999705404,2.4698657989501953
2,"KNN(k=5, metric=hamming, voting=majority, retention=never_retain)",5,hamming,majority,never_retain,0.9538461538461539,0.9814241486068112,0.00044869998237118125,0.006846400036010891,4.680059432983398
2,"KNN(k=5, metric=hamming, voting=majority, retention=always_retain)",5,hamming,majority,always_retain,0.9538461538461539,0.9814241486068112,0.0004107999848201871,0.017087000014726073,1.5705289840698242
2,"KNN(k=5, metric=hamming, voting=majority, retention=different_class)",5,hamming,majority,different_class,0.9538461538461539,0.980952380952381,0.00043070001993328333,0.013040199992246926,1.4714527130126953
2,"KNN(k=5, metric=hamming, voting=majority, retention=oblivion_by_goodness)",5,hamming,majority,oblivion_by_goodness,0.9538461538461539,0.9814241486068112,0.00045499997213482857,0.015352800022810698,1.4775571823120117
2,"KNN(k=5, metric=hamming, voting=inverse_distance, retention=never_retain)",5,hamming,inverse_distance,never_retain,0.9538461538461539,0.9814241486068112,0.00041639996925368905,0.015866799978539348,4.680059432983398
2,"KNN(k=5, metric=hamming, voting=inverse_distance, retention=always_retain)",5,hamming,inverse_distance,always_retain,0.9538461538461539,0.9814241486068112,0.0004152000183239579,0.028353800007607788,1.572402000427246
2,"KNN(k=5, metric=hamming, voting=inverse_distance, retention=different_class)",5,hamming,inverse_distance,different_class,0.9538461538461539,0.980952380952381,0.0004308999632485211,0.022848099994007498,1.4721355438232422
2,"KNN(k=5, metric=hamming, voting=inverse_distance, retention=oblivion_by_goodness)",5,hamming,inverse_distance,oblivion_by_goodness,0.9538461538461539,0.9814241486068112,0.0004225000157020986,0.024733099970035255,1.4781408309936523
2,"KNN(k=7, metric=euclidean, voting=majority, retention=never_retain)",7,euclidean,majority,never_retain,0.9692307692307692,0.9874999999999999,0.00042779999785125256,0.019008600036613643,61.506486892700195
2,"KNN(k=7, metric=euclidean, voting=majority, retention=always_retain)",7,euclidean,majority,always_retain,0.9538461538461539,0.9657135076252723,0.0004246999742463231,0.0163821000023745,2.0909013748168945
2,"KNN(k=7, metric=euclidean, voting=majority, retention=different_class)",7,euclidean,majority,different_class,0.9692307692307692,0.9874999999999999,0.00043730001198127866,0.011519599996972829,1.9447212219238281
2,"KNN(k=7, metric=euclidean, voting=majority, retention=oblivion_by_goodness)",7,euclidean,majority,oblivion_by_goodness,0.9384615384615385,0.9602693602693603,0.00042150000808760524,0.015042899991385639,1.9443082809448242
2,"KNN(k=7, metric=euclidean, voting=inverse_distance, retention=never_retain)",7,euclidean,inverse_distance,never_retain,0.9692307692307692,0.9874999999999999,0.0004751999513246119,0.029181400022935122,61.506486892700195
2,"KNN(k=7, metric=euclidean, voting=inverse_distance, retention=always_retain)",7,euclidean,inverse_distance,always_retain,0.9538461538461539,0.9657135076252723,0.00044249999336898327,0.02756850002333522,2.09267520904541
2,"KNN(k=7, metric=euclidean, voting=inverse_distance, retention=different_class)",7,euclidean,inverse_distance,different_class,0.9692307692307692,0.9874999999999999,0.00043349998304620385,0.02297689998522401,1.945404052734375
2,"KNN(k=7, metric=euclidean, voting=inverse_distance, retention=oblivion_by_goodness)",7,euclidean,inverse_distance,oblivion_by_goodness,0.9384615384615385,0.9602693602693603,0.00042990001384168863,0.02676229999633506,1.9447431564331055
2,"KNN(k=7, metric=manhattan, voting=majority, retention=never_retain)",7,manhattan,majority,never_retain,0.9692307692307692,0.9874999999999999,0.00048260000767186284,0.019017000042367727,61.199846267700195
2,"KNN(k=7, metric=manhattan, voting=majority, retention=always_retain)",7,manhattan,majority,always_retain,0.9538461538461539,0.9657135076252723,0.0004400999750941992,0.014313200023025274,2.0847063064575195
2,"KNN(k=7, metric=manhattan, voting=majority, retention=different_class)",7,manhattan,majority,different_class,0.9692307692307692,0.9874999999999999,0.00044780003372579813,0.011468000011518598,1.9389991760253906
2,"KNN(k=7, metric=manhattan, voting=majority, retention=oblivion_by_goodness)",7,manhattan,majority,oblivion_by_goodness,0.9384615384615385,0.9602693602693603,0.0004393999697640538,0.014699499995913357,1.9385709762573242
2,"KNN(k=7, metric=manhattan, voting=inverse_distance, retention=never_retain)",7,manhattan,inverse_distance,never_retain,0.9692307692307692,0.9874999999999999,0.00046369998017326,0.02934320003259927,61.199846267700195
2,"KNN(k=7, metric=manhattan, voting=inverse_distance, retention=always_retain)",7,manhattan,inverse_distance,always_retain,0.9538461538461539,0.9657135076252723,0.00045250001130625606,0.026163400034420192,2.086380958557129
2,"KNN(k=7, metric=manhattan, voting=inverse_distance, retention=different_class)",7,manhattan,inverse_distance,different_class,0.9692307692307692,0.9874999999999999,0.0004391000256873667,0.02295449998928234,1.9397811889648438
2,"KNN(k=7, metric=manhattan, voting=inverse_distance, retention=oblivion_by_goodness)",7,manhattan,inverse_distance,oblivion_by_goodness,0.9384615384615385,0.9602693602693603,0.0004620999679900706,0.026333800051361322,1.9389562606811523
2,"KNN(k=7, metric=canberra, voting=majority, retention=never_retain)",7,canberra,majority,never_retain,0.9692307692307692,0.9874999999999999,0.0004338999860920012,0.04232379997847602,91.84756565093994
2,"KNN(k=7, metric=canberra, voting=majority, retention=always_retain)",7,canberra,majority,always_retain,0.9692307692307692,0.9874999999999999,0.00044299999717622995,0.02497839997522533,2.663982391357422
2,"KNN(k=7, metric=canberra, voting=majority, retention=different_class)",7,canberra,majority,different_class,0.9692307692307692,0.9874999999999999,0.0004813999985344708,0.017150700034108013,2.4714460372924805
2,"KNN(k=7, metric=canberra, voting=majority, retention=oblivion_by_goodness)",7,canberra,majority,oblivion_by_goodness,0.9076923076923077,0.875084175084175,0.0004875999875366688,0.02079600002616644,2.4695072174072266
2,"KNN(k=7, metric=canberra, voting=inverse_distance, retention=never_retain)",7,canberra,inverse_distance,never_retain,0.9692307692307692,0.9874999999999999,0.00046060001477599144,0.05236620001960546,91.84756565093994
2,"KNN(k=7, metric=canberra, voting=inverse_distance, retention=always_retain)",7,canberra,inverse_distance,always_retain,0.9692307692307692,0.9874999999999999,0.00045960000716149807,0.03309629997238517,2.665607452392578
2,"KNN(k=7, metric=canberra, voting=inverse_distance, retention=different_class)",7,canberra,inverse_distance,different_class,0.9692307692307692,0.9874999999999999,0.00044870004057884216,0.028919000003952533,2.471980094909668
2,"KNN(k=7, metric=canberra, voting=inverse_distance, retention=oblivion_by_goodness)",7,canberra,inverse_distance,oblivion_by_goodness,0.9384615384615385,0.9443783068783067,0.0004651000490412116,0.03202809998765588,2.469942092895508
2,"KNN(k=7, metric=hamming, voting=majority, retention=never_retain)",7,hamming,majority,never_retain,0.9692307692307692,0.9874999999999999,0.0004457999602891505,0.007556100026704371,4.680059432983398
2,"KNN(k=7, metric=hamming, voting=majority, retention=always_retain)",7,hamming,majority,always_retain,0.9538461538461539,0.9657135076252723,0.0004493999877013266,0.016272699984256178,1.5706052780151367
2,"KNN(k=7, metric=hamming, voting=majority, retention=different_class)",7,hamming,majority,different_class,0.9692307692307692,0.9874999999999999,0.00046300003305077553,0.013225799950305372,1.4695959091186523
2,"KNN(k=7, metric=hamming, voting=majority, retention=oblivion_by_goodness)",7,hamming,majority,oblivion_by_goodness,0.9384615384615385,0.9602693602693603,0.00046690000453963876,0.016226199979428202,1.4766416549682617
2,"KNN(k=7, metric=hamming, voting=inverse_distance, retention=never_retain)",7,hamming,inverse_distance,never_retain,0.9692307692307692,0.9874999999999999,0.0004459000192582607,0.017763899988494813,4.680059432983398
2,"KNN(k=7, metric=hamming, voting=inverse_distance, retention=always_retain)",7,hamming,inverse_distance,always_retain,0.9538461538461539,0.9657135076252723,0.0004428999964147806,0.028071500011719763,1.5723295211791992
2,"KNN(k=7, metric=hamming, voting=inverse_distance, retention=different_class)",7,hamming,inverse_distance,different_class,0.9692307692307692,0.9874999999999999,0.00045110000064596534,0.02458409999962896,1.4702787399291992
2,"KNN(k=7, metric=hamming, voting=inverse_distance, retention=oblivion_by_goodness)",7,hamming,inverse_distance,oblivion_by_goodness,0.9384615384615385,0.9602693602693603,0.0004401000333018601,0.028299099998548627,1.4770269393920898
3,"KNN(k=3, metric=euclidean, voting=majority, retention=never_retain)",3,euclidean,majority,never_retain,0.88,0.9356065602603,0.00043399998685345054,0.02129090001108125,69.77506446838379
3,"KNN(k=3, metric=euclidean, voting=majority, retention=always_retain)",3,euclidean,majority,always_retain,0.88,0.921470342522974,0.000421099946834147,0.017682100005913526,2.094693183898926
3,"KNN(k=3, metric=euclidean, voting=majority, retention=different_class)",3,euclidean,majority,different_class,0.8666666666666667,0.9108756740335687,0.0004295000107958913,0.013791600009426475,1.9405508041381836
3,"KNN(k=3, metric=euclidean, voting=majority, retention=oblivion_by_goodness)",3,euclidean,majority,oblivion_by_goodness,0.8533333333333334,0.9247460757156047,0.00044600002001971006,0.015065799991134554,1.9210691452026367
3,"KNN(k=3, metric=euclidean, voting=inverse_distance, retention=never_retain)",3,euclidean,inverse_distance,never_retain,0.88,0.9356065602603,0.0005114999949000776,0.030721799994353205,69.75068759918213
3,"KNN(k=3, metric=euclidean, voting=inverse_distance, retention=always_retain)",3,euclidean,inverse_distance,always_retain,0.88,0.921470342522974,0.0004792999825440347,0.02897739998297766,2.096188545227051
3,"KNN(k=3, metric=euclidean, voting=inverse_distance, retention=different_class)",3,euclidean,inverse_distance,different_class,0.8666666666666667,0.9108756740335687,0.00043509999522939324,0.02411779999965802,1.941481590270996
3,"KNN(k=3, metric=euclidean, voting=inverse_distance, retention=oblivion_by_goodness)",3,euclidean,inverse_distance,oblivion_by_goodness,0.8533333333333334,0.9247460757156047,0.0004463999648578465,0.025541900016833097,1.921370506286621
3,"KNN(k=3, metric=manhattan, voting=majority, retention=never_retain)",3,manhattan,majority,never_retain,0.88,0.9356065602603,0.00046490004751831293,0.020802700018975884,69.40251350402832
3,"KNN(k=3, metric=manhattan, voting=majority, retention=always_retain)",3,manhattan,majority,always_retain,0.88,0.921470342522974,0.0004392999690026045,0.01599829999031499,2.085293769836426
3,"KNN(k=3, metric=manhattan, voting=majority, retention=different_class)",3,manhattan,majority,different_class,0.8666666666666667,0.9108756740335687,0.00042810000013560057,0.013022799976170063,1.9348440170288086
3,"KNN(k=3, metric=manhattan, voting=majority, retention=oblivion_by_goodness)",3,manhattan,majority,oblivion_by_goodness,0.8533333333333334,0.9247460757156047,0.00040769996121525764,0.014452600036747754,1.9154386520385742
3,"KNN(k=3, metric=manhattan, voting=inverse_distance, retention=never_retain)",3,manhattan,inverse_distance,never_retain,0.88,0.9356065602603,0.000430600019171834,0.03073609998682514,69.40251350402832
3,"KNN(k=3, metric=manhattan, voting=inverse_distance, retention=always_retain)",3,manhattan,inverse_distance,always_retain,0.88,0.921470342522974,0.00046900002053007483,0.02734129998134449,2.0918283462524414
3,"KNN(k=3, metric=manhattan, voting=inverse_distance, retention=different_class)",3,manhattan,inverse_distance,different_class,0.8666666666666667,0.9108756740335687,0.0004415000439621508,0.02351879997877404,1.9359731674194336
3,"KNN(k=3, metric=manhattan, voting=inverse_distance, retention=oblivion_by_goodness)",3,manhattan,inverse_distance,oblivion_by_goodness,0.8533333333333334,0.9247460757156047,0.00044539995724335313,0.025445600040256977,1.9157896041870117
3,"KNN(k=3, metric=canberra, voting=majority, retention=never_retain)",3,canberra,majority,never_retain,0.88,0.9356065602603,0.00044540001545101404,0.05124840000644326,104.19299411773682
3,"KNN(k=3, metric=canberra, voting=majority, retention=always_retain)",3,canberra,majority,always_retain,0.88,0.9213208459745854,0.00044139998499304056,0.02299900003708899,2.664569854736328
3,"KNN(k=3, metric=canberra, voting=majority, retention=different_class)",3,canberra,majority,different_class,0.88,0.9213208459745854,0.00043460004962980747,0.019442199962213635,2.4626684188842773
3,"KNN(k=3, metric=canberra, voting=majority, retention=oblivion_by_goodness)",3,canberra,majority,oblivion_by_goodness,0.84,0.8919947600863783,0.00045220000902190804,0.021260200010146946,2.438821792602539
3,"KNN(k=3, metric=canberra, voting=inverse_distance, retention=never_retain)",3,canberra,inverse_distance,never_retain,0.88,0.9356065602603,0.0004422999918460846,0.05898079997859895,104.19299411773682
3,"KNN(k=3, metric=canberra, voting=inverse_distance, retention=always_retain)",3,canberra,inverse_distance,always_retain,0.88,0.9213208459745854,0.00046439998550340533,0.03409670002292842,2.6685256958007812
3,"KNN(k=3, metric=canberra, voting=inverse_distance, retention=different_class)",3,canberra,inverse_distance,different_class,0.88,0.9213208459745854,0.0004292000085115433,0.030569599999580532,2.4635496139526367
3,"KNN(k=3, metric=canberra, voting=inverse_distance, retention=oblivion_by_goodness)",3,canberra,inverse_distance,oblivion_by_goodness,0.84,0.8919947600863783,0.00044269999489188194,0.03200849995482713,2.4391727447509766
3,"KNN(k=3, metric=hamming, voting=majority, retention=never_retain)",3,hamming,majority,never_retain,0.88,0.9356065602603,0.0004322999739088118,0.007809999980963767,5.234153747558594
3,"KNN(k=3, metric=hamming, voting=majority, retention=always_retain)",3,hamming,majority,always_retain,0.88,0.921470342522974,0.00040660001104697585,0.019084899977315217,1.571101188659668
3,"KNN(k=3, metric=hamming, voting=majority, retention=different_class)",3,hamming,majority,different_class,0.8666666666666667,0.9108756740335687,0.00043160002678632736,0.014698799990583211,1.4673938751220703
3,"KNN(k=3, metric=hamming, voting=majority, retention=oblivion_by_goodness)",3,hamming,majority,oblivion_by_goodness,0.8533333333333334,0.9247460757156047,0.0004597000079229474,0.016769599984399974,1.4634637832641602
3,"KNN(k=3, metric=hamming, voting=inverse_distance, retention=never_retain)",3,hamming,inverse_distance,never_retain,0.88,0.9356065602603,0.0004289999487809837,0.01768770004855469,5.234153747558594
3,"KNN(k=3, metric=hamming, voting=inverse_distance, retention=always_retain)",3,hamming,inverse_distance,always_retain,0.88,0.921470342522974,0.00045110000064596534,0.02943509997567162,1.5724782943725586
3,"KNN(k=3, metric=hamming, voting=inverse_distance, retention=different_class)",3,hamming,inverse_distance,different_class,0.8666666666666667,0.9108756740335687,0.00043000001460313797,0.025141699996311218,1.4682750701904297
3,"KNN(k=3, metric=hamming, voting=inverse_distance, retention=oblivion_by_goodness)",3,hamming,inverse_distance,oblivion_by_goodness,0.8533333333333334,0.9247460757156047,0.00043450004886835814,0.027457499993033707,1.464097023010254
3,"KNN(k=5, metric=euclidean, voting=majority, retention=never_retain)",5,euclidean,majority,never_retain,0.8666666666666667,0.9304901212964211,0.0004246999742463231,0.022238300007302314,69.75058174133301
3,"KNN(k=5, metric=euclidean, voting=majority, retention=always_retain)",5,euclidean,majority,always_retain,0.8933333333333333,0.9461606915840326,0.0004461000207811594,0.020227400003932416,2.0915651321411133
3,"KNN(k=5, metric=euclidean, voting=majority, retention=different_class)",5,euclidean,majority,different_class,0.8666666666666667,0.9306575936408527,0.0004301000153645873,0.01302040001610294,1.940629005432129
3,"KNN(k=5, metric=euclidean, voting=majority, retention=oblivion_by_goodness)",5,euclidean,majority,oblivion_by_goodness,0.8533333333333334,0.9253056884635833,0.00044159998651593924,0.01568569999653846,1.9211454391479492
3,"KNN(k=5, metric=euclidean, voting=inverse_distance, retention=never_retain)",5,euclidean,inverse_distance,never_retain,0.8666666666666667,0.9304901212964211,0.0004209000035189092,0.03158910002093762,69.75058174133301
3,"KNN(k=5, metric=euclidean, voting=inverse_distance, retention=always_retain)",5,euclidean,inverse_distance,always_retain,0.8933333333333333,0.9461606915840326,0.00046060001477599144,0.028609100030735135,2.0938844680786133
3,"KNN(k=5, metric=euclidean, voting=inverse_distance, retention=different_class)",5,euclidean,inverse_distance,different_class,0.8666666666666667,0.9306575936408527,0.0004351999959908426,0.025875399995129555,1.941758155822754
3,"KNN(k=5, metric=euclidean, voting=inverse_distance, retention=oblivion_by_goodness)",5,euclidean,inverse_distance,oblivion_by_goodness,0.8666666666666667,0.9304901212964211,0.00043750001350417733,0.027986900007817894,1.9214963912963867
3,"KNN(k=5, metric=manhattan, voting=majority, retention=never_retain)",5,manhattan,majority,never_retain,0.8666666666666667,0.9304901212964211,0.0004463000223040581,0.021235399995930493,69.40251350402832
3,"KNN(k=5, metric=manhattan, voting=majority, retention=always_retain)",5,manhattan,majority,always_retain,0.8933333333333333,0.9461606915840326,0.00045599997974932194,0.01715989998774603,2.0853700637817383
3,"KNN(k=5, metric=manhattan, voting=majority, retention=different_class)",5,manhattan,majority,different_class,0.8666666666666667,0.9306575936408527,0.0004288000054657459,0.013209500000812113,1.934922218322754
3,"KNN(k=5, metric=manhattan, voting=majority, retention=oblivion_by_goodness)",5,manhattan,majority,oblivion_by_goodness,0.8533333333333334,0.9253056884635833,0.0004354999982751906,0.015614299976732582,1.9155149459838867
3,"KNN(k=5, metric=manhattan, voting=inverse_distance, retention=never_retain)",5,manhattan,inverse_distance,never_retain,0.8666666666666667,0.9304901212964211,0.00043079996248707175,0.031886500015389174,69.40251350402832
3,"KNN(k=5, metric=manhattan, voting=inverse_distance, retention=always_retain)",5,manhattan,inverse_distance,always_retain,0.8933333333333333,0.9461606915840326,0.000443600001744926,0.028384200006257743,2.087491035461426
3,"KNN(k=5, metric=manhattan, voting=inverse_distance, retention=different_class)",5,manhattan,inverse_distance,different_class,0.8666666666666667,0.9306575936408527,0.0004518000059761107,0.02475490001961589,1.9357538223266602
3,"KNN(k=5, metric=manhattan, voting=inverse_distance, retention=oblivion_by_goodness)",5,manhattan,inverse_distance,oblivion_by_goodness,0.8666666666666667,0.9304901212964211,0.0004286999464966357,0.027512800006661564,1.9158658981323242
3,"KNN(k=5, metric=canberra, voting=majority, retention=never_retain)",5,canberra,majority,never_retain,0.8666666666666667,0.9304901212964211,0.0004948999849148095,0.0494444000069052,104.19299411773682
3,"KNN(k=5, metric=canberra, voting=majority, retention=always_retain)",5,canberra,majority,always_retain,0.8933333333333333,0.9458784521111391,0.00043479999294504523,0.024475599988363683,2.6646461486816406
3,"KNN(k=5, metric=canberra, voting=majority, retention=different_class)",5,canberra,majority,different_class,0.8666666666666667,0.9306575936408527,0.0004385999636724591,0.02021790004801005,2.4658584594726562
3,"KNN(k=5, metric=canberra, voting=majority, retention=oblivion_by_goodness)",5,canberra,majority,oblivion_by_goodness,0.88,0.9359383306751728,0.00044249999336898327,0.02222869999241084,2.4388980865478516
3,"KNN(k=5, metric=canberra, voting=inverse_distance, retention=never_retain)",5,canberra,inverse_distance,never_retain,0.8666666666666667,0.9304901212964211,0.00041530001908540726,0.061777599970810115,104.19299411773682
3,"KNN(k=5, metric=canberra, voting=inverse_distance, retention=always_retain)",5,canberra,inverse_distance,always_retain,0.8933333333333333,0.9458784521111391,0.0004135000053793192,0.03778109996346757,2.666667938232422
3,"KNN(k=5, metric=canberra, voting=inverse_distance, retention=different_class)",5,canberra,inverse_distance,different_class,0.8666666666666667,0.9306575936408527,0.0004456000169739127,0.03138869995018467,2.466888427734375
3,"KNN(k=5, metric=canberra, voting=inverse_distance, retention=oblivion_by_goodness)",5,canberra,inverse_distance,oblivion_by_goodness,0.8666666666666667,0.9304901212964211,0.0004352999967522919,0.034015399985946715,2.439249038696289
3,"KNN(k=5, metric=hamming, voting=majority, retention=never_retain)",5,hamming,majority,never_retain,0.8666666666666667,0.9304901212964211,0.00044350000098347664,0.008448500011581928,5.234153747558594
3,"KNN(k=5, metric=hamming, voting=majority, retention=always_retain)",5,hamming,majority,always_retain,0.8933333333333333,0.9461606915840326,0.0004352999967522919,0.019298799976240844,1.5711774826049805
3,"KNN(k=5, metric=hamming, voting=majority, retention=different_class)",5,hamming,majority,different_class,0.8666666666666667,0.9306575936408527,0.00044700002763420343,0.015180899994447827,1.4674720764160156
3,"KNN(k=5, metric=hamming, voting=majority, retention=oblivion_by_goodness)",5,hamming,majority,oblivion_by_goodness,0.8533333333333334,0.9253056884635833,0.0004336999845691025,0.017897400015499443,1.4628000259399414
3,"KNN(k=5, metric=hamming, voting=inverse_distance, retention=never_retain)",5,hamming,inverse_distance,never_retain,0.8666666666666667,0.9304901212964211,0.0004894000012427568,0.01870349998353049,5.234153747558594
3,"KNN(k=5, metric=hamming, voting=inverse_distance, retention=always_retain)",5,hamming,inverse_distance,always_retain,0.8933333333333333,0.9461606915840326,0.0004239000263623893,0.03254159999778494,1.5728025436401367
3,"KNN(k=5, metric=hamming, voting=inverse_distance, retention=different_class)",5,hamming,inverse_distance,different_class,0.8666666666666667,0.9306575936408527,0.00043840002035722136,0.02765840000938624,1.4681549072265625
3,"KNN(k=5, metric=hamming, voting=inverse_distance, retention=oblivion_by_goodness)",5,hamming,inverse_distance,oblivion_by_goodness,0.8666666666666667,0.9304901212964211,0.0004406999796628952,0.02962610003305599,1.463334083557129
3,"KNN(k=7, metric=euclidean, voting=majority, retention=never_retain)",7,euclidean,majority,never_retain,0.88,0.9352342526797542,0.0004430999979376793,0.021314000012353063,69.75058174133301
3,"KNN(k=7, metric=euclidean, voting=majority, retention=always_retain)",7,euclidean,majority,always_retain,0.88,0.9356725146198831,0.0005404999828897417,0.018803699989803135,2.091641426086426
3,"KNN(k=7, metric=euclidean, voting=majority, retention=different_class)",7,euclidean,majority,different_class,0.8666666666666667,0.9304901212964211,0.00046010001096874475,0.013532100012525916,1.9407052993774414
3,"KNN(k=7, metric=euclidean, voting=majority, retention=oblivion_by_goodness)",7,euclidean,majority,oblivion_by_goodness,0.84,0.9118384195783577,0.0004358000005595386,0.01968139997916296,1.9212217330932617
3,"KNN(k=7, metric=euclidean, voting=inverse_distance, retention=never_retain)",7,euclidean,inverse_distance,never_retain,0.88,0.9352342526797542,0.0004414999857544899,0.03270049998536706,69.75058174133301
3,"KNN(k=7, metric=euclidean, voting=inverse_distance, retention=always_retain)",7,euclidean,inverse_distance,always_retain,0.88,0.9356725146198831,0.0004468999686650932,0.030462800001259893,2.0938119888305664
3,"KNN(k=7, metric=euclidean, voting=inverse_distance, retention=different_class)",7,euclidean,inverse_distance,different_class,0.8666666666666667,0.9304901212964211,0.0006416999967768788,0.026457700005266815,1.9417352676391602
3,"KNN(k=7, metric=euclidean, voting=inverse_distance, retention=oblivion_by_goodness)",7,euclidean,inverse_distance,oblivion_by_goodness,0.84,0.9118384195783577,0.00041969999438151717,0.030228699964936823,1.9215726852416992
3,"KNN(k=7, metric=manhattan, voting=majority, retention=never_retain)",7,manhattan,majority,never_retain,0.88,0.9352342526797542,0.0004800999886356294,0.02803190000122413,69.40251350402832
3,"KNN(k=7, metric=manhattan, voting=majority, retention=always_retain)",7,manhattan,majority,always_retain,0.88,0.9356725146198831,0.00043319998076185584,0.022597000002861023,2.085446357727051
3,"KNN(k=7, metric=manhattan, voting=majority, retention=different_class)",7,manhattan,majority,different_class,0.8666666666666667,0.9304901212964211,0.0005106999888084829,0.014043300005141646,1.9349985122680664
3,"KNN(k=7, metric=manhattan, voting=majority, retention=oblivion_by_goodness)",7,manhattan,majority,oblivion_by_goodness,0.84,0.9118384195783577,0.0004961999948136508,0.016423200024291873,1.9155912399291992
3,"KNN(k=7, metric=manhattan, voting=inverse_distance, retention=never_retain)",7,manhattan,inverse_distance,never_retain,0.88,0.9352342526797542,0.00043569999979808927,0.033056800020858645,69.40251350402832
3,"KNN(k=7, metric=manhattan, voting=inverse_distance, retention=always_retain)",7,manhattan,inverse_distance,always_retain,0.88,0.9356725146198831,0.00043919996824115515,0.031011999992188066,2.087468147277832
3,"KNN(k=7, metric=manhattan, voting=inverse_distance, retention=different_class)",7,manhattan,inverse_distance,different_class,0.88,0.9409262907714919,0.00043399998685345054,0.026795700017828494,1.9336223602294922
3,"KNN(k=7, metric=manhattan, voting=inverse_distance, retention=oblivion_by_goodness)",7,manhattan,inverse_distance,oblivion_by_goodness,0.84,0.9118384195783577,0.0004612999618984759,0.030028800014406443,1.9159421920776367
3,"KNN(k=7, metric=canberra, voting=majority, retention=never_retain)",7,canberra,majority,never_retain,0.88,0.9352342526797542,0.0004346999921835959,0.04916880000382662,104.19299411773682
3,"KNN(k=7, metric=canberra, voting=majority, retention=always_retain)",7,canberra,majority,always_retain,0.88,0.9352342526797542,0.0004547999706119299,0.028535000048577785,2.664722442626953
3,"KNN(k=7, metric=canberra, voting=majority, retention=different_class)",7,canberra,majority,different_class,0.88,0.9359383306751728,0.00044249999336898327,0.020355399989057332,2.462826728820801
3,"KNN(k=7, metric=canberra, voting=majority, retention=oblivion_by_goodness)",7,canberra,majority,oblivion_by_goodness,0.8533333333333334,0.9170574167279822,0.00043399998685345054,0.024073800013866276,2.438974380493164
3,"KNN(k=7, metric=canberra, voting=inverse_distance, retention=never_retain)",7,canberra,inverse_distance,never_retain,0.88,0.9352342526797542,0.00043050001841038465,0.06252400000812486,104.19299411773682
3,"KNN(k=7, metric=canberra, voting=inverse_distance, retention=always_retain)",7,canberra,inverse_distance,always_retain,0.88,0.9352342526797542,0.00042450003093108535,0.0415754999849014,2.6666946411132812
3,"KNN(k=7, metric=canberra, voting=inverse_distance, retention=different_class)",7,canberra,inverse_distance,different_class,0.8666666666666667,0.9304901212964211,0.00042970001231878996,0.03275539999594912,2.466766357421875
3,"KNN(k=7, metric=canberra, voting=inverse_distance, retention=oblivion_by_goodness)",7,canberra,inverse_distance,oblivion_by_goodness,0.8533333333333334,0.9170574167279822,0.00042320002103224397,0.03675580001436174,2.4392757415771484
3,"KNN(k=7, metric=hamming, voting=majority, retention=never_retain)",7,hamming,majority,never_retain,0.88,0.9352342526797542,0.0004317000275477767,0.008111300005111843,5.234153747558594
3,"KNN(k=7, metric=hamming, voting=majority, retention=always_retain)",7,hamming,majority,always_retain,0.88,0.9356725146198831,0.000411100045312196,0.018994499987456948,1.571253776550293
3,"KNN(k=7, metric=hamming, voting=majority, retention=different_class)",7,hamming,majority,different_class,0.8666666666666667,0.9304901212964211,0.00043340004049241543,0.015711699961684644,1.4675483703613281
3,"KNN(k=7, metric=hamming, voting=majority, retention=oblivion_by_goodness)",7,hamming,majority,oblivion_by_goodness,0.84,0.9118384195783577,0.0005041999975219369,0.018750799994450063,1.4618844985961914
3,"KNN(k=7, metric=hamming, voting=inverse_distance, retention=never_retain)",7,hamming,inverse_distance,never_retain,0.88,0.9352342526797542,0.00043620000360533595,0.020313499961048365,5.234153747558594
3,"KNN(k=7, metric=hamming, voting=inverse_distance, retention=always_retain)",7,hamming,inverse_distance,always_retain,0.88,0.9356725146198831,0.00048149999929592013,0.03245850000530481,1.5731267929077148
3,"KNN(k=7, metric=hamming, voting=inverse_distance, retention=different_class)",7,hamming,inverse_distance,different_class,0.88,0.9409262907714919,0.0004361000028438866,0.02892539999447763,1.466629981994629
3,"KNN(k=7, metric=hamming, voting=inverse_distance, retention=oblivion_by_goodness)",7,hamming,inverse_distance,oblivion_by_goodness,0.84,0.9118384195783577,0.00043020001612603664,0.0323490000446327,1.4623689651489258
4,"KNN(k=3, metric=euclidean, voting=majority, retention=never_retain)",3,euclidean,majority,never_retain,0.9577464788732394,0.9598574322516531,0.000437400012742728,0.021335700002964586,66.51386451721191
4,"KNN(k=3, metric=euclidean, voting=majority, retention=always_retain)",3,euclidean,majority,always_retain,0.9295774647887324,0.9479938271604939,0.00041939999209716916,0.016939699999056756,2.0944137573242188
4,"KNN(k=3, metric=euclidean, voting=majority, retention=different_class)",3,euclidean,majority,different_class,0.9577464788732394,0.9598574322516531,0.00042580004082992673,0.012534800043795258,1.9332380294799805
4,"KNN(k=3, metric=euclidean, voting=majority, retention=oblivion_by_goodness)",3,euclidean,majority,oblivion_by_goodness,0.9154929577464789,0.9416255781064863,0.00040140002965927124,0.014108899980783463,1.9303617477416992
4,"KNN(k=3, metric=euclidean, voting=inverse_distance, retention=never_retain)",3,euclidean,inverse_distance,never_retain,0.9577464788732394,0.9598574322516531,0.0007131000165827572,0.032163499970920384,66.48948764801025
4,"KNN(k=3, metric=euclidean, voting=inverse_distance, retention=always_retain)",3,euclidean,inverse_distance,always_retain,0.9295774647887324,0.9479938271604939,0.00041669997153803706,0.025810600025579333,2.0978431701660156
4,"KNN(k=3, metric=euclidean, voting=inverse_distance, retention=different_class)",3,euclidean,inverse_distance,different_class,0.9577464788732394,0.9598574322516531,0.0004249999765306711,0.021654400043189526,1.934168815612793
4,"KNN(k=3, metric=euclidean, voting=inverse_distance, retention=oblivion_by_goodness)",3,euclidean,inverse_distance,oblivion_by_goodness,0.9154929577464789,0.9416255781064863,0.0004260000423528254,0.023773499997332692,1.9310941696166992
4,"KNN(k=3, metric=manhattan, voting=majority, retention=never_retain)",3,manhattan,majority,never_retain,0.9577464788732394,0.9598574322516531,0.0004392999690026045,0.021251300000585616,66.15770149230957
4,"KNN(k=3, metric=manhattan, voting=majority, retention=always_retain)",3,manhattan,majority,always_retain,0.9295774647887324,0.9479938271604939,0.00042830000165849924,0.015208500029984862,2.0850143432617188
4,"KNN(k=3, metric=manhattan, voting=majority, retention=different_class)",3,manhattan,majority,different_class,0.9577464788732394,0.9598574322516531,0.00043120002374053,0.011842899955809116,1.9275541305541992
4,"KNN(k=3, metric=manhattan, voting=majority, retention=oblivion_by_goodness)",3,manhattan,majority,oblivion_by_goodness,0.9154929577464789,0.9416255781064863,0.00045930000487715006,0.01389150001341477,1.9246702194213867
4,"KNN(k=3, metric=manhattan, voting=inverse_distance, retention=never_retain)",3,manhattan,inverse_distance,never_retain,0.9577464788732394,0.9598574322516531,0.00044510001316666603,0.03280519996769726,66.15770149230957
4,"KNN(k=3, metric=manhattan, voting=inverse_distance, retention=always_retain)",3,manhattan,inverse_distance,always_retain,0.9295774647887324,0.9479938271604939,0.00044730002991855145,0.025396600016392767,2.0888710021972656
4,"KNN(k=3, metric=manhattan, voting=inverse_distance, retention=different_class)",3,manhattan,inverse_distance,different_class,0.9577464788732394,0.9598574322516531,0.00042910000775009394,0.02142399997683242,1.9282865524291992
4,"KNN(k=3, metric=manhattan, voting=inverse_distance, retention=oblivion_by_goodness)",3,manhattan,inverse_distance,oblivion_by_goodness,0.9154929577464789,0.9416255781064863,0.0004304000176489353,0.023648099973797798,1.925501823425293
4,"KNN(k=3, metric=canberra, voting=majority, retention=never_retain)",3,canberra,majority,never_retain,0.9577464788732394,0.9598574322516531,0.00043940002797171474,0.05049749999307096,99.30938816070557
4,"KNN(k=3, metric=canberra, voting=majority, retention=always_retain)",3,canberra,majority,always_retain,0.9154929577464789,0.9416255781064863,0.0004400999750941992,0.021870600001420826,2.664290428161621
4,"KNN(k=3, metric=canberra, voting=majority, retention=different_class)",3,canberra,majority,different_class,0.9295774647887324,0.9474735313228605,0.0004379999591037631,0.018909500038716942,2.462442398071289
4,"KNN(k=3, metric=canberra, voting=majority, retention=oblivion_by_goodness)",3,canberra,majority,oblivion_by_goodness,0.9154929577464789,0.9416255781064863,0.00043479999294504523,0.020411800011061132,2.4510746002197266
4,"KNN(k=3, metric=canberra, voting=inverse_distance, retention=never_retain)",3,canberra,inverse_distance,never_retain,0.9577464788732394,0.9598574322516531,0.0004539999645203352,0.056412699981592596,99.30938816070557
4,"KNN(k=3, metric=canberra, voting=inverse_distance, retention=always_retain)",3,canberra,inverse_distance,always_retain,0.9154929577464789,0.9416255781064863,0.0004228000179864466,0.035846499959006906,2.666510581970215
4,"KNN(k=3, metric=canberra, voting=inverse_distance, retention=different_class)",3,canberra,inverse_distance,different_class,0.9295774647887324,0.9474735313228605,0.00045789999421685934,0.028876099968329072,2.463125228881836
4,"KNN(k=3, metric=canberra, voting=inverse_distance, retention=oblivion_by_goodness)",3,canberra,inverse_distance,oblivion_by_goodness,0.9154929577464789,0.9416255781064863,0.000424400030169636,0.03004829998826608,2.451658248901367
4,"KNN(k=3, metric=hamming, voting=majority, retention=never_retain)",3,hamming,majority,never_retain,0.9577464788732394,0.9598574322516531,0.0004626999725587666,0.007887699990533292,5.014965057373047
4,"KNN(k=3, metric=hamming, voting=majority, retention=always_retain)",3,hamming,majority,always_retain,0.9295774647887324,0.9479938271604939,0.00044510001316666603,0.018938299966976047,1.570821762084961
4,"KNN(k=3, metric=hamming, voting=majority, retention=different_class)",3,hamming,majority,different_class,0.9577464788732394,0.9598574322516531,0.000437400012742728,0.014265300007537007,1.462015151977539
4,"KNN(k=3, metric=hamming, voting=majority, retention=oblivion_by_goodness)",3,hamming,majority,oblivion_by_goodness,0.9154929577464789,0.9416255781064863,0.000430600019171834,0.01607239997247234,1.4705171585083008
4,"KNN(k=3, metric=hamming, voting=inverse_distance, retention=never_retain)",3,hamming,inverse_distance,never_retain,0.9577464788732394,0.9598574322516531,0.0004298000130802393,0.017196599976159632,5.014965057373047
4,"KNN(k=3, metric=hamming, voting=inverse_distance, retention=always_retain)",3,hamming,inverse_distance,always_retain,0.9295774647887324,0.9479938271604939,0.00041859998600557446,0.02968530001817271,1.5729427337646484
4,"KNN(k=3, metric=hamming, voting=inverse_distance, retention=different_class)",3,hamming,inverse_distance,different_class,0.9577464788732394,0.9598574322516531,0.0004165000282227993,0.02334000001428649,1.4629955291748047
4,"KNN(k=3, metric=hamming, voting=inverse_distance, retention=oblivion_by_goodness)",3,hamming,inverse_distance,oblivion_by_goodness,0.9154929577464789,0.9416255781064863,0.00043270003516227007,0.025004499999340624,1.471299171447754
4,"KNN(k=5, metric=euclidean, voting=majority, retention=never_retain)",5,euclidean,majority,never_retain,0.9577464788732394,0.9598574322516531,0.00042340002255514264,0.020688699965830892,66.48938179016113
4,"KNN(k=5, metric=euclidean, voting=majority, retention=always_retain)",5,euclidean,majority,always_retain,0.9436619718309859,0.9535818713450293,0.0004331000382080674,0.016898699977900833,2.0912857055664062
4,"KNN(k=5, metric=euclidean, voting=majority, retention=different_class)",5,euclidean,majority,different_class,0.9577464788732394,0.9665367121507473,0.0004805999924428761,0.012212499976158142,1.9333229064941406
4,"KNN(k=5, metric=euclidean, voting=majority, retention=oblivion_by_goodness)",5,euclidean,majority,oblivion_by_goodness,0.9295774647887324,0.9541337002637312,0.00046060001477599144,0.015000799961853772,1.9304075241088867
4,"KNN(k=5, metric=euclidean, voting=inverse_distance, retention=never_retain)",5,euclidean,inverse_distance,never_retain,0.9577464788732394,0.9598574322516531,0.0004220000118948519,0.030548100010491908,66.48938179016113
4,"KNN(k=5, metric=euclidean, voting=inverse_distance, retention=always_retain)",5,euclidean,inverse_distance,always_retain,0.9436619718309859,0.9535818713450293,0.00044570001773536205,0.026863700011745095,2.093158721923828
4,"KNN(k=5, metric=euclidean, voting=inverse_distance, retention=different_class)",5,euclidean,inverse_distance,different_class,0.9577464788732394,0.9665367121507473,0.00044189998880028725,0.02325680002104491,1.9341049194335938
4,"KNN(k=5, metric=euclidean, voting=inverse_distance, retention=oblivion_by_goodness)",5,euclidean,inverse_distance,oblivion_by_goodness,0.9295774647887324,0.9541337002637312,0.0004342000465840101,0.026733699953183532,1.9307928085327148
4,"KNN(k=5, metric=manhattan, voting=majority, retention=never_retain)",5,manhattan,majority,never_retain,0.9577464788732394,0.9598574322516531,0.0004268999909982085,0.02121530001750216,66.15770149230957
4,"KNN(k=5, metric=manhattan, voting=majority, retention=always_retain)",5,manhattan,majority,always_retain,0.9436619718309859,0.9535818713450293,0.0004734999965876341,0.015846299997065216,2.0850906372070312
4,"KNN(k=5, metric=manhattan, voting=majority, retention=different_class)",5,manhattan,majority,different_class,0.9577464788732394,0.9665367121507473,0.00043159996857866645,0.012450700043700635,1.9276390075683594
4,"KNN(k=5, metric=manhattan, voting=majority, retention=oblivion_by_goodness)",5,manhattan,majority,oblivion_by_goodness,0.9295774647887324,0.9541337002637312,0.0004545000265352428,0.014862299954984337,1.9247159957885742
4,"KNN(k=5, metric=manhattan, voting=inverse_distance, retention=never_retain)",5,manhattan,inverse_distance,never_retain,0.9577464788732394,0.9598574322516531,0.00043349998304620385,0.030399799987208098,66.15770149230957
4,"KNN(k=5, metric=manhattan, voting=inverse_distance, retention=always_retain)",5,manhattan,inverse_distance,always_retain,0.9436619718309859,0.9535818713450293,0.0004305999609641731,0.029748100030701607,2.086864471435547
4,"KNN(k=5, metric=manhattan, voting=inverse_distance, retention=different_class)",5,manhattan,inverse_distance,different_class,0.9577464788732394,0.9660575048732944,0.00042970001231878996,0.022968200035393238,1.9284696578979492
4,"KNN(k=5, metric=manhattan, voting=inverse_distance, retention=oblivion_by_goodness)",5,manhattan,inverse_distance,oblivion_by_goodness,0.9295774647887324,0.9541337002637312,0.0005370000144466758,0.026296700001694262,1.9250516891479492
4,"KNN(k=5, metric=canberra, voting=majority, retention=never_retain)",5,canberra,majority,never_retain,0.9577464788732394,0.9598574322516531,0.0004331000382080674,0.04662420001113787,99.30938816070557
4,"KNN(k=5, metric=canberra, voting=majority, retention=always_retain)",5,canberra,majority,always_retain,0.9436619718309859,0.9535818713450293,0.0004706000327132642,0.02225990005536005,2.6643667221069336
4,"KNN(k=5, metric=canberra, voting=majority, retention=different_class)",5,canberra,majority,different_class,0.9577464788732394,0.9665367121507473,0.00044520001392811537,0.01857939996989444,2.4563093185424805
4,"KNN(k=5, metric=canberra, voting=majority, retention=oblivion_by_goodness)",5,canberra,majority,oblivion_by_goodness,0.971830985915493,0.9723655544088979,0.0004407000378705561,0.02105479995952919,2.451150894165039
4,"KNN(k=5, metric=canberra, voting=inverse_distance, retention=never_retain)",5,canberra,inverse_distance,never_retain,0.9577464788732394,0.9598574322516531,0.00042380002560094,0.05743839999195188,99.30938816070557
4,"KNN(k=5, metric=canberra, voting=inverse_distance, retention=always_retain)",5,canberra,inverse_distance,always_retain,0.9436619718309859,0.9535818713450293,0.00040690001333132386,0.033224200014956295,2.6661901473999023
4,"KNN(k=5, metric=canberra, voting=inverse_distance, retention=different_class)",5,canberra,inverse_distance,different_class,0.9577464788732394,0.9660575048732944,0.0004319000290706754,0.029819199990015477,2.457040786743164
4,"KNN(k=5, metric=canberra, voting=inverse_distance, retention=oblivion_by_goodness)",5,canberra,inverse_distance,oblivion_by_goodness,0.971830985915493,0.9723655544088979,0.0004562000394798815,0.0323050000006333,2.4516849517822266
4,"KNN(k=5, metric=hamming, voting=majority, retention=never_retain)",5,hamming,majority,never_retain,0.9577464788732394,0.9598574322516531,0.00044379994506016374,0.007754900027066469,5.014965057373047
4,"KNN(k=5, metric=hamming, voting=majority, retention=always_retain)",5,hamming,majority,always_retain,0.9436619718309859,0.9535818713450293,0.0004466000245884061,0.017667200008872896,1.5708980560302734
4,"KNN(k=5, metric=hamming, voting=majority, retention=different_class)",5,hamming,majority,different_class,0.9577464788732394,0.9665367121507473,0.00043000001460313797,0.014016399974934757,1.4622554779052734
4,"KNN(k=5, metric=hamming, voting=majority, retention=oblivion_by_goodness)",5,hamming,majority,oblivion_by_goodness,0.9295774647887324,0.9541337002637312,0.00043700000969693065,0.017117800016421825,1.4704790115356445
4,"KNN(k=5, metric=hamming, voting=inverse_distance, retention=never_retain)",5,hamming,inverse_distance,never_retain,0.9577464788732394,0.9598574322516531,0.00043949997052550316,0.017878799990285188,5.014965057373047
4,"KNN(k=5, metric=hamming, voting=inverse_distance, retention=always_retain)",5,hamming,inverse_distance,always_retain,0.9436619718309859,0.9535818713450293,0.0004358000005595386,0.028300800011493266,1.5725727081298828
4,"KNN(k=5, metric=hamming, voting=inverse_distance, retention=different_class)",5,hamming,inverse_distance,different_class,0.9577464788732394,0.9660575048732944,0.0004440000047907233,0.02471440000226721,1.4630298614501953
4,"KNN(k=5, metric=hamming, voting=inverse_distance, retention=oblivion_by_goodness)",5,hamming,inverse_distance,oblivion_by_goodness,0.9295774647887324,0.9541337002637312,0.00040169997373595834,0.027763499994762242,1.4709138870239258
4,"KNN(k=7, metric=euclidean, voting=majority, retention=never_retain)",7,euclidean,majority,never_retain,0.9154929577464789,0.8903218694885362,0.0004483000375330448,0.020597899972926825,66.48938179016113
4,"KNN(k=7, metric=euclidean, voting=majority, retention=always_retain)",7,euclidean,majority,always_retain,0.9436619718309859,0.9535818713450293,0.0004393999697640538,0.019585000001825392,2.0913619995117188
4,"KNN(k=7, metric=euclidean, voting=majority, retention=different_class)",7,euclidean,majority,different_class,0.9436619718309859,0.9604276895943562,0.0004923000233247876,0.012633299978915602,1.9357595443725586
4,"KNN(k=7, metric=euclidean, voting=majority, retention=oblivion_by_goodness)",7,euclidean,majority,oblivion_by_goodness,0.9014084507042254,0.9362654320987654,0.00042970001231878996,0.018673299986403435,1.9304838180541992
4,"KNN(k=7, metric=euclidean, voting=inverse_distance, retention=never_retain)",7,euclidean,inverse_distance,never_retain,0.9154929577464789,0.8903218694885362,0.0004925000248476863,0.03155249997507781,66.48938179016113
4,"KNN(k=7, metric=euclidean, voting=inverse_distance, retention=always_retain)",7,euclidean,inverse_distance,always_retain,0.9436619718309859,0.9535818713450293,0.000484099960885942,0.030940700031351298,2.092987060546875
4,"KNN(k=7, metric=euclidean, voting=inverse_distance, retention=different_class)",7,euclidean,inverse_distance,different_class,0.9436619718309859,0.9604276895943562,0.000501000031363219,0.024837999953888357,1.9363927841186523
4,"KNN(k=7, metric=euclidean, voting=inverse_distance, retention=oblivion_by_goodness)",7,euclidean,inverse_distance,oblivion_by_goodness,0.9014084507042254,0.9362654320987654,0.00042050000047311187,0.03026800003135577,1.9308195114135742
4,"KNN(k=7, metric=manhattan, voting=majority, retention=never_retain)",7,manhattan,majority,never_retain,0.9154929577464789,0.8903218694885362,0.0004512000014074147,0.021151799999643117,66.15770149230957
4,"KNN(k=7, metric=manhattan, voting=majority, retention=always_retain)",7,manhattan,majority,always_retain,0.9436619718309859,0.9535818713450293,0.0004085999680683017,0.018652500002644956,2.0851669311523438
4,"KNN(k=7, metric=manhattan, voting=majority, retention=different_class)",7,manhattan,majority,different_class,0.9436619718309859,0.9604276895943562,0.00042669998947530985,0.012249500025063753,1.930068016052246
4,"KNN(k=7, metric=manhattan, voting=majority, retention=oblivion_by_goodness)",7,manhattan,majority,oblivion_by_goodness,0.9014084507042254,0.9362654320987654,0.0004212000058032572,0.015859899984207004,1.9247922897338867
4,"KNN(k=7, metric=manhattan, voting=inverse_distance, retention=never_retain)",7,manhattan,inverse_distance,never_retain,0.9295774647887324,0.9479938271604939,0.00042670004768297076,0.031515699985902756,66.15770149230957
4,"KNN(k=7, metric=manhattan, voting=inverse_distance, retention=always_retain)",7,manhattan,inverse_distance,always_retain,0.9436619718309859,0.9535818713450293,0.00043840002035722136,0.03169839998008683,2.0870895385742188
4,"KNN(k=7, metric=manhattan, voting=inverse_distance, retention=different_class)",7,manhattan,inverse_distance,different_class,0.9436619718309859,0.9604276895943562,0.00044049997813999653,0.024448500014841557,1.9307012557983398
4,"KNN(k=7, metric=manhattan, voting=inverse_distance, retention=oblivion_by_goodness)",7,manhattan,inverse_distance,oblivion_by_goodness,0.9154929577464789,0.9418859649122806,0.00042209995444864035,0.02939350000815466,1.925227165222168
4,"KNN(k=7, metric=canberra, voting=majority, retention=never_retain)",7,canberra,majority,never_retain,0.9154929577464789,0.8903218694885362,0.0004686000174842775,0.047072799992747605,99.30938816070557
4,"KNN(k=7, metric=canberra, voting=majority, retention=always_retain)",7,canberra,majority,always_retain,0.9436619718309859,0.9535818713450293,0.0004220000118948519,0.024919399991631508,2.664443016052246
4,"KNN(k=7, metric=canberra, voting=majority, retention=different_class)",7,canberra,majority,different_class,0.9436619718309859,0.9604276895943562,0.00042450003093108535,0.01852149999467656,2.459493637084961
4,"KNN(k=7, metric=canberra, voting=majority, retention=oblivion_by_goodness)",7,canberra,majority,oblivion_by_goodness,0.9014084507042254,0.9355379188712521,0.00042209995444864035,0.021777200046926737,2.4511966705322266
4,"KNN(k=7, metric=canberra, voting=inverse_distance, retention=never_retain)",7,canberra,inverse_distance,never_retain,0.9295774647887324,0.9479938271604939,0.0004447000101208687,0.05850280000595376,99.30938816070557
4,"KNN(k=7, metric=canberra, voting=inverse_distance, retention=always_retain)",7,canberra,inverse_distance,always_retain,0.9436619718309859,0.9535818713450293,0.00043509999522939324,0.037570000044070184,2.6661672592163086
4,"KNN(k=7, metric=canberra, voting=inverse_distance, retention=different_class)",7,canberra,inverse_distance,different_class,0.9436619718309859,0.9604276895943562,0.000424700032453984,0.031195599993225187,2.4604740142822266
4,"KNN(k=7, metric=canberra, voting=inverse_distance, retention=oblivion_by_goodness)",7,canberra,inverse_distance,oblivion_by_goodness,0.9154929577464789,0.9412280701754386,0.0004243000294081867,0.0344463000074029,2.4515819549560547
4,"KNN(k=7, metric=hamming, voting=majority, retention=never_retain)",7,hamming,majority,never_retain,0.9154929577464789,0.8903218694885362,0.0004285000031813979,0.007963200041558594,5.014965057373047
4,"KNN(k=7, metric=hamming, voting=majority, retention=always_retain)",7,hamming,majority,always_retain,0.9436619718309859,0.9535818713450293,0.00042729999404400587,0.020241299993358552,1.570974349975586
4,"KNN(k=7, metric=hamming, voting=majority, retention=different_class)",7,hamming,majority,different_class,0.9436619718309859,0.9604276895943562,0.0004301000153645873,0.01402469997992739,1.4640216827392578
4,"KNN(k=7, metric=hamming, voting=majority, retention=oblivion_by_goodness)",7,hamming,majority,oblivion_by_goodness,0.9014084507042254,0.9362654320987654,0.00043299997923895717,0.017904100008308887,1.4705781936645508
4,"KNN(k=7, metric=hamming, voting=inverse_distance, retention=never_retain)",7,hamming,inverse_distance,never_retain,0.9295774647887324,0.9479938271604939,0.0004317000275477767,0.01937499997438863,5.014965057373047
4,"KNN(k=7, metric=hamming, voting=inverse_distance, retention=always_retain)",7,hamming,inverse_distance,always_retain,0.9436619718309859,0.9535818713450293,0.00043810001807287335,0.02962029998889193,1.5726490020751953
4,"KNN(k=7, metric=hamming, voting=inverse_distance, retention=different_class)",7,hamming,inverse_distance,different_class,0.9436619718309859,0.9604276895943562,0.0004344000481069088,0.026579400000628084,1.464853286743164
4,"KNN(k=7, metric=hamming, voting=inverse_distance, retention=oblivion_by_goodness)",7,hamming,inverse_distance,oblivion_by_goodness,0.9154929577464789,0.9418859649122806,0.0004288000054657459,0.03101570002036169,1.4711618423461914
5,"KNN(k=3, metric=euclidean, voting=majority, retention=never_retain)",3,euclidean,majority,never_retain,0.9420289855072463,0.9625807437984941,0.0004469999694265425,0.019093800045084208,64.86504554748535
5,"KNN(k=3, metric=euclidean, voting=majority, retention=always_retain)",3,euclidean,majority,always_retain,0.9420289855072463,0.9543209876543209,0.0004225000157020986,0.01651240000501275,2.0942773818969727
5,"KNN(k=3, metric=euclidean, voting=majority, retention=different_class)",3,euclidean,majority,different_class,0.927536231884058,0.9451668386652907,0.000424400030169636,0.012096399965230376,1.9425373077392578
5,"KNN(k=3, metric=euclidean, voting=majority, retention=oblivion_by_goodness)",3,euclidean,majority,oblivion_by_goodness,0.9130434782608695,0.9335667600373482,0.00047769997036084533,0.013773899991065264,1.9349393844604492
5,"KNN(k=3, metric=euclidean, voting=inverse_distance, retention=never_retain)",3,euclidean,inverse_distance,never_retain,0.9420289855072463,0.9625807437984941,0.0010896999738179147,0.027983699983451515,64.84083557128906
5,"KNN(k=3, metric=euclidean, voting=inverse_distance, retention=always_retain)",3,euclidean,inverse_distance,always_retain,0.9420289855072463,0.9543209876543209,0.0004301000153645873,0.026373700005933642,2.0952768325805664
5,"KNN(k=3, metric=euclidean, voting=inverse_distance, retention=different_class)",3,euclidean,inverse_distance,different_class,0.927536231884058,0.9451668386652907,0.0004126999992877245,0.02128009998705238,1.944112777709961
5,"KNN(k=3, metric=euclidean, voting=inverse_distance, retention=oblivion_by_goodness)",3,euclidean,inverse_distance,oblivion_by_goodness,0.9130434782608695,0.9335667600373482,0.00042639998719096184,0.022512399998959154,1.9353742599487305
5,"KNN(k=3, metric=manhattan, voting=majority, retention=never_retain)",3,manhattan,majority,never_retain,0.9420289855072463,0.9625807437984941,0.00042449997272342443,0.019319300015922636,64.51716804504395
5,"KNN(k=3, metric=manhattan, voting=majority, retention=always_retain)",3,manhattan,majority,always_retain,0.9420289855072463,0.9543209876543209,0.0004151000175625086,0.01652880001347512,2.085465431213379
5,"KNN(k=3, metric=manhattan, voting=majority, retention=different_class)",3,manhattan,majority,different_class,0.927536231884058,0.9451668386652907,0.000416700029745698,0.011636199953500181,1.9368762969970703
5,"KNN(k=3, metric=manhattan, voting=majority, retention=oblivion_by_goodness)",3,manhattan,majority,oblivion_by_goodness,0.9130434782608695,0.9335667600373482,0.0004184000426903367,0.01304689998505637,1.9292325973510742
5,"KNN(k=3, metric=manhattan, voting=inverse_distance, retention=never_retain)",3,manhattan,inverse_distance,never_retain,0.9420289855072463,0.9625807437984941,0.0004165999707765877,0.02822470001410693,64.51716804504395
5,"KNN(k=3, metric=manhattan, voting=inverse_distance, retention=always_retain)",3,manhattan,inverse_distance,always_retain,0.9420289855072463,0.9543209876543209,0.0005108999903313816,0.02497369999764487,2.085759162902832
5,"KNN(k=3, metric=manhattan, voting=inverse_distance, retention=different_class)",3,manhattan,inverse_distance,different_class,0.927536231884058,0.9451668386652907,0.0004332999815233052,0.020812399976421148,1.9375057220458984
5,"KNN(k=3, metric=manhattan, voting=inverse_distance, retention=oblivion_by_goodness)",3,manhattan,inverse_distance,oblivion_by_goodness,0.9130434782608695,0.9335667600373482,0.00048160000005736947,0.022420499997679144,1.9295682907104492
5,"KNN(k=3, metric=canberra, voting=majority, retention=never_retain)",3,canberra,majority,never_retain,0.9420289855072463,0.9625807437984941,0.00043210003059357405,0.04520970000885427,96.84030246734619
5,"KNN(k=3, metric=canberra, voting=majority, retention=always_retain)",3,canberra,majority,always_retain,0.9565217391304348,0.9821312540610785,0.0004344999906606972,0.021635000011883676,2.664154052734375
5,"KNN(k=3, metric=canberra, voting=majority, retention=different_class)",3,canberra,majority,different_class,0.927536231884058,0.9451668386652907,0.00044059997890144587,0.018362600007094443,2.4685144424438477
5,"KNN(k=3, metric=canberra, voting=majority, retention=oblivion_by_goodness)",3,canberra,majority,oblivion_by_goodness,0.9130434782608695,0.9334059549745825,0.00043100002221763134,0.019639300007838756,2.4571475982666016
5,"KNN(k=3, metric=canberra, voting=inverse_distance, retention=never_retain)",3,canberra,inverse_distance,never_retain,0.9420289855072463,0.9625807437984941,0.0004270999925211072,0.05521339998813346,96.84030246734619
5,"KNN(k=3, metric=canberra, voting=inverse_distance, retention=always_retain)",3,canberra,inverse_distance,always_retain,0.9565217391304348,0.9821312540610785,0.00043700000969693065,0.030551200034096837,2.6663246154785156
5,"KNN(k=3, metric=canberra, voting=inverse_distance, retention=different_class)",3,canberra,inverse_distance,different_class,0.927536231884058,0.9451668386652907,0.00045680004404857755,0.02718440000899136,2.4694948196411133
5,"KNN(k=3, metric=canberra, voting=inverse_distance, retention=oblivion_by_goodness)",3,canberra,inverse_distance,oblivion_by_goodness,0.9130434782608695,0.9334059549745825,0.0004532000166364014,0.028994299995247275,2.457681655883789
5,"KNN(k=3, metric=hamming, voting=majority, retention=never_retain)",3,hamming,majority,never_retain,0.9420289855072463,0.9625807437984941,0.0004360000020824373,0.0073936000117100775,4.904146194458008
5,"KNN(k=3, metric=hamming, voting=majority, retention=always_retain)",3,hamming,majority,always_retain,0.9420289855072463,0.9543209876543209,0.00041420001070946455,0.018455400015227497,1.5706853866577148
5,"KNN(k=3, metric=hamming, voting=majority, retention=different_class)",3,hamming,majority,different_class,0.927536231884058,0.9451668386652907,0.0004340999876148999,0.014058700005989522,1.4684267044067383
5,"KNN(k=3, metric=hamming, voting=majority, retention=oblivion_by_goodness)",3,hamming,majority,oblivion_by_goodness,0.9130434782608695,0.9335667600373482,0.00040770001942291856,0.015348599990829825,1.472762107849121
5,"KNN(k=3, metric=hamming, voting=inverse_distance, retention=never_retain)",3,hamming,inverse_distance,never_retain,0.9420289855072463,0.9625807437984941,0.00041340000461786985,0.01580549997743219,4.904146194458008
5,"KNN(k=3, metric=hamming, voting=inverse_distance, retention=always_retain)",3,hamming,inverse_distance,always_retain,0.9420289855072463,0.9543209876543209,0.0004714000388048589,0.027103699976578355,1.571864128112793
5,"KNN(k=3, metric=hamming, voting=inverse_distance, retention=different_class)",3,hamming,inverse_distance,different_class,0.927536231884058,0.9451668386652907,0.0004498999915085733,0.023165200022049248,1.4691591262817383
5,"KNN(k=3, metric=hamming, voting=inverse_distance, retention=oblivion_by_goodness)",3,hamming,inverse_distance,oblivion_by_goodness,0.9130434782608695,0.9335667600373482,0.00041090004378929734,0.023592699959408492,1.4733457565307617
5,"KNN(k=5, metric=euclidean, voting=majority, retention=never_retain)",5,euclidean,majority,never_retain,0.927536231884058,0.9480908152734777,0.0004067000118084252,0.0197881999774836,64.84056282043457
5,"KNN(k=5, metric=euclidean, voting=majority, retention=always_retain)",5,euclidean,majority,always_retain,0.927536231884058,0.9237800383311219,0.0004270999925211072,0.015382099954877049,2.09114933013916
5,"KNN(k=5, metric=euclidean, voting=majority, retention=different_class)",5,euclidean,majority,different_class,0.927536231884058,0.9480908152734777,0.00043969997204840183,0.012179500015918165,1.9426136016845703
5,"KNN(k=5, metric=euclidean, voting=majority, retention=oblivion_by_goodness)",5,euclidean,majority,oblivion_by_goodness,0.9130434782608695,0.9180636777128005,0.00045360001968219876,0.015270500036422163,1.9350156784057617
5,"KNN(k=5, metric=euclidean, voting=inverse_distance, retention=never_retain)",5,euclidean,inverse_distance,never_retain,0.927536231884058,0.9480908152734777,0.00044539995724335313,0.028612299996893853,64.84056282043457
5,"KNN(k=5, metric=euclidean, voting=inverse_distance, retention=always_retain)",5,euclidean,inverse_distance,always_retain,0.927536231884058,0.9237800383311219,0.0004618999664671719,0.02551310003036633,2.093319892883301
5,"KNN(k=5, metric=euclidean, voting=inverse_distance, retention=different_class)",5,euclidean,inverse_distance,different_class,0.9420289855072463,0.9539387684898522,0.00044269999489188194,0.023357099969871342,1.9409847259521484
5,"KNN(k=5, metric=euclidean, voting=inverse_distance, retention=oblivion_by_goodness)",5,euclidean,inverse_distance,oblivion_by_goodness,0.9130434782608695,0.9180636777128005,0.00044079998042434454,0.025605799979530275,1.9354009628295898
5,"KNN(k=5, metric=manhattan, voting=majority, retention=never_retain)",5,manhattan,majority,never_retain,0.927536231884058,0.9480908152734777,0.00042969995411112905,0.02043580001918599,64.51716804504395
5,"KNN(k=5, metric=manhattan, voting=majority, retention=always_retain)",5,manhattan,majority,always_retain,0.927536231884058,0.9237800383311219,0.000493900035507977,0.01767849997850135,2.084954261779785
5,"KNN(k=5, metric=manhattan, voting=majority, retention=different_class)",5,manhattan,majority,different_class,0.927536231884058,0.9480908152734777,0.0005030999891459942,0.012196900031995028,1.936899185180664
5,"KNN(k=5, metric=manhattan, voting=majority, retention=oblivion_by_goodness)",5,manhattan,majority,oblivion_by_goodness,0.9130434782608695,0.9180636777128005,0.00046090001706033945,0.01549899997189641,1.9293088912963867
5,"KNN(k=5, metric=manhattan, voting=inverse_distance, retention=never_retain)",5,manhattan,inverse_distance,never_retain,0.9130434782608695,0.9421361137047413,0.0004322999739088118,0.030465400021057576,64.51716804504395
5,"KNN(k=5, metric=manhattan, voting=inverse_distance, retention=always_retain)",5,manhattan,inverse_distance,always_retain,0.9130434782608695,0.9179738562091503,0.0004706000327132642,0.027281099988613278,2.0865297317504883
5,"KNN(k=5, metric=manhattan, voting=inverse_distance, retention=different_class)",5,manhattan,inverse_distance,different_class,0.9130434782608695,0.9179738562091503,0.00043130002450197935,0.022299899952486157,1.9402856826782227
5,"KNN(k=5, metric=manhattan, voting=inverse_distance, retention=oblivion_by_goodness)",5,manhattan,inverse_distance,oblivion_by_goodness,0.8985507246376812,0.9119233268356075,0.0004249000339768827,0.024096400011330843,1.929743766784668
5,"KNN(k=5, metric=canberra, voting=majority, retention=never_retain)",5,canberra,majority,never_retain,0.927536231884058,0.9480908152734777,0.00042530003702268004,0.04773770004976541,96.84030246734619
5,"KNN(k=5, metric=canberra, voting=majority, retention=always_retain)",5,canberra,majority,always_retain,0.927536231884058,0.9241622574955909,0.0004447999526746571,0.022900700045283884,2.6642303466796875
5,"KNN(k=5, metric=canberra, voting=majority, retention=different_class)",5,canberra,majority,different_class,0.927536231884058,0.9480908152734777,0.0004309999640099704,0.018913500010967255,2.46859073638916
5,"KNN(k=5, metric=canberra, voting=majority, retention=oblivion_by_goodness)",5,canberra,majority,oblivion_by_goodness,0.8985507246376812,0.9120841318983735,0.00043100002221763134,0.01984470000024885,2.457223892211914
5,"KNN(k=5, metric=canberra, voting=inverse_distance, retention=never_retain)",5,canberra,inverse_distance,never_retain,0.9130434782608695,0.9421361137047413,0.00043760001426562667,0.05465969996294007,96.84030246734619
5,"KNN(k=5, metric=canberra, voting=inverse_distance, retention=always_retain)",5,canberra,inverse_distance,always_retain,0.9130434782608695,0.9180636777128005,0.0004322999739088118,0.03530630003660917,2.6657066345214844
5,"KNN(k=5, metric=canberra, voting=inverse_distance, retention=different_class)",5,canberra,inverse_distance,different_class,0.9130434782608695,0.9179738562091503,0.0004971000016666949,0.02847359998850152,2.472583770751953
5,"KNN(k=5, metric=canberra, voting=inverse_distance, retention=oblivion_by_goodness)",5,canberra,inverse_distance,oblivion_by_goodness,0.8985507246376812,0.9120841318983735,0.0004487999831326306,0.030383800039999187,2.457559585571289
5,"KNN(k=5, metric=hamming, voting=majority, retention=never_retain)",5,hamming,majority,never_retain,0.927536231884058,0.9480908152734777,0.00042479997500777245,0.007484700006898493,4.904146194458008
5,"KNN(k=5, metric=hamming, voting=majority, retention=always_retain)",5,hamming,majority,always_retain,0.927536231884058,0.9237800383311219,0.00043839996214956045,0.02172350004548207,1.5707616806030273
5,"KNN(k=5, metric=hamming, voting=majority, retention=different_class)",5,hamming,majority,different_class,0.927536231884058,0.9480908152734777,0.00042539997957646847,0.014550400024745613,1.4685859680175781
5,"KNN(k=5, metric=hamming, voting=majority, retention=oblivion_by_goodness)",5,hamming,majority,oblivion_by_goodness,0.9130434782608695,0.9180636777128005,0.0004608000162988901,0.015466999961063266,1.471358299255371
5,"KNN(k=5, metric=hamming, voting=inverse_distance, retention=never_retain)",5,hamming,inverse_distance,never_retain,0.9130434782608695,0.9421361137047413,0.00041989999590441585,0.01699099998222664,4.904146194458008
5,"KNN(k=5, metric=hamming, voting=inverse_distance, retention=always_retain)",5,hamming,inverse_distance,always_retain,0.9130434782608695,0.9179738562091503,0.00042370002483949065,0.03137580002658069,1.572981834411621
5,"KNN(k=5, metric=hamming, voting=inverse_distance, retention=different_class)",5,hamming,inverse_distance,different_class,0.9130434782608695,0.9179738562091503,0.0004208000027574599,0.02424629998859018,1.4711341857910156
5,"KNN(k=5, metric=hamming, voting=inverse_distance, retention=oblivion_by_goodness)",5,hamming,inverse_distance,oblivion_by_goodness,0.8985507246376812,0.9119233268356075,0.00042239995673298836,0.026201600034255534,1.4718427658081055
5,"KNN(k=7, metric=euclidean, voting=majority, retention=never_retain)",7,euclidean,majority,never_retain,0.9130434782608695,0.9203703703703704,0.00042529997881501913,0.02036450000014156,64.84056282043457
5,"KNN(k=7, metric=euclidean, voting=majority, retention=always_retain)",7,euclidean,majority,always_retain,0.927536231884058,0.921604938271605,0.00045980000868439674,0.019405599974561483,2.0912256240844727
5,"KNN(k=7, metric=euclidean, voting=majority, retention=different_class)",7,euclidean,majority,different_class,0.927536231884058,0.9480908152734777,0.0004319999716244638,0.012621400004718453,1.9426898956298828
5,"KNN(k=7, metric=euclidean, voting=majority, retention=oblivion_by_goodness)",7,euclidean,majority,oblivion_by_goodness,0.9130434782608695,0.9180636777128005,0.00043029995867982507,0.014878000016324222,1.9350919723510742
5,"KNN(k=7, metric=euclidean, voting=inverse_distance, retention=never_retain)",7,euclidean,inverse_distance,never_retain,0.9130434782608695,0.9203703703703704,0.00044869998237118125,0.030460899986792356,64.84056282043457
5,"KNN(k=7, metric=euclidean, voting=inverse_distance, retention=always_retain)",7,euclidean,inverse_distance,always_retain,0.927536231884058,0.921604938271605,0.0004599000094458461,0.028166399977635592,2.0935449600219727
5,"KNN(k=7, metric=euclidean, voting=inverse_distance, retention=different_class)",7,euclidean,inverse_distance,different_class,0.927536231884058,0.9480908152734777,0.000437700015027076,0.024664799973834306,1.943868637084961
5,"KNN(k=7, metric=euclidean, voting=inverse_distance, retention=oblivion_by_goodness)",7,euclidean,inverse_distance,oblivion_by_goodness,0.9130434782608695,0.9180636777128005,0.0004336999845691025,0.026288599998224527,1.9355764389038086
5,"KNN(k=7, metric=manhattan, voting=majority, retention=never_retain)",7,manhattan,majority,never_retain,0.9130434782608695,0.9203703703703704,0.00043479999294504523,0.019395000010263175,64.51716804504395
5,"KNN(k=7, metric=manhattan, voting=majority, retention=always_retain)",7,manhattan,majority,always_retain,0.927536231884058,0.921604938271605,0.0004907999536953866,0.015744200034532696,2.0850305557250977
5,"KNN(k=7, metric=manhattan, voting=majority, retention=different_class)",7,manhattan,majority,different_class,0.927536231884058,0.9480908152734777,0.00042970001231878996,0.012430300004780293,1.9369754791259766
5,"KNN(k=7, metric=manhattan, voting=majority, retention=oblivion_by_goodness)",7,manhattan,majority,oblivion_by_goodness,0.9130434782608695,0.9180636777128005,0.0004379000165499747,0.014962400018703192,1.9293851852416992
5,"KNN(k=7, metric=manhattan, voting=inverse_distance, retention=never_retain)",7,manhattan,inverse_distance,never_retain,0.9130434782608695,0.9203703703703704,0.0004407000378705561,0.030865299981087446,64.51716804504395
5,"KNN(k=7, metric=manhattan, voting=inverse_distance, retention=always_retain)",7,manhattan,inverse_distance,always_retain,0.9130434782608695,0.915715213960828,0.00042799999937415123,0.02713239996228367,2.086705207824707
5,"KNN(k=7, metric=manhattan, voting=inverse_distance, retention=different_class)",7,manhattan,inverse_distance,different_class,0.927536231884058,0.9480908152734777,0.00042749999556690454,0.023635600053239614,1.937906265258789
5,"KNN(k=7, metric=manhattan, voting=inverse_distance, retention=oblivion_by_goodness)",7,manhattan,inverse_distance,oblivion_by_goodness,0.9130434782608695,0.9180636777128005,0.00046309997560456395,0.025579600012861192,1.9298200607299805
5,"KNN(k=7, metric=canberra, voting=majority, retention=never_retain)",7,canberra,majority,never_retain,0.9130434782608695,0.9203703703703704,0.00043080002069473267,0.04636859998572618,96.84030246734619
5,"KNN(k=7, metric=canberra, voting=majority, retention=always_retain)",7,canberra,majority,always_retain,0.927536231884058,0.9216374269005847,0.0004352999967522919,0.021882799977902323,2.664306640625
5,"KNN(k=7, metric=canberra, voting=majority, retention=different_class)",7,canberra,majority,different_class,0.927536231884058,0.9480908152734777,0.0004461999633349478,0.01848750002682209,2.4686670303344727
5,"KNN(k=7, metric=canberra, voting=majority, retention=oblivion_by_goodness)",7,canberra,majority,oblivion_by_goodness,0.9130434782608695,0.9180636777128005,0.0004387000226415694,0.02104750002035871,2.4573001861572266
5,"KNN(k=7, metric=canberra, voting=inverse_distance, retention=never_retain)",7,canberra,inverse_distance,never_retain,0.9130434782608695,0.9203703703703704,0.00044430000707507133,0.05724579998059198,96.84030246734619
5,"KNN(k=7, metric=canberra, voting=inverse_distance, retention=always_retain)",7,canberra,inverse_distance,always_retain,0.9130434782608695,0.9154970760233918,0.00042890000622719526,0.03327779995743185,2.6663284301757812
5,"KNN(k=7, metric=canberra, voting=inverse_distance, retention=different_class)",7,canberra,inverse_distance,different_class,0.927536231884058,0.9480908152734777,0.0004308999632485211,0.030494100006762892,2.469548225402832
5,"KNN(k=7, metric=canberra, voting=inverse_distance, retention=oblivion_by_goodness)",7,canberra,inverse_distance,oblivion_by_goodness,0.9130434782608695,0.9180636777128005,0.0004430999979376793,0.03193569998256862,2.457735061645508
5,"KNN(k=7, metric=hamming, voting=majority, retention=never_retain)",7,hamming,majority,never_retain,0.9130434782608695,0.9203703703703704,0.0004409999819472432,0.007625400030519813,4.904146194458008
5,"KNN(k=7, metric=hamming, voting=majority, retention=always_retain)",7,hamming,majority,always_retain,0.927536231884058,0.921604938271605,0.0004989999579265714,0.017106899991631508,1.5708379745483398
5,"KNN(k=7, metric=hamming, voting=majority, retention=different_class)",7,hamming,majority,different_class,0.927536231884058,0.9480908152734777,0.00044169998727738857,0.014078799984417856,1.4685792922973633
5,"KNN(k=7, metric=hamming, voting=majority, retention=oblivion_by_goodness)",7,hamming,majority,oblivion_by_goodness,0.9130434782608695,0.9180636777128005,0.00047149998135864735,0.016480599995702505,1.470442771911621
5,"KNN(k=7, metric=hamming, voting=inverse_distance, retention=never_retain)",7,hamming,inverse_distance,never_retain,0.9130434782608695,0.9203703703703704,0.00044809997780248523,0.018095500010531396,4.904146194458008
5,"KNN(k=7, metric=hamming, voting=inverse_distance, retention=always_retain)",7,hamming,inverse_distance,always_retain,0.9130434782608695,0.915715213960828,0.00042749999556690454,0.029243000026326627,1.5725126266479492
5,"KNN(k=7, metric=hamming, voting=inverse_distance, retention=different_class)",7,hamming,inverse_distance,different_class,0.927536231884058,0.9480908152734777,0.0005449000163935125,0.026034299982711673,1.4694108963012695
5,"KNN(k=7, metric=hamming, voting=inverse_distance, retention=oblivion_by_goodness)",7,hamming,inverse_distance,oblivion_by_goodness,0.9130434782608695,0.9180636777128005,0.0004495999892242253,0.027496700000483543,1.4710760116577148
6,"KNN(k=3, metric=euclidean, voting=majority, retention=never_retain)",3,euclidean,majority,never_retain,0.8970588235294118,0.9215985307398049,0.0004803999909199774,0.018448100017849356,63.97329902648926
6,"KNN(k=3, metric=euclidean, voting=majority, retention=always_retain)",3,euclidean,majority,always_retain,0.9117647058823529,0.9292969265268435,0.00041370000690221786,0.01554200000828132,2.0395374298095703
6,"KNN(k=3, metric=euclidean, voting=majority, retention=different_class)",3,euclidean,majority,different_class,0.9264705882352942,0.9393483709273184,0.0004467000253498554,0.011542399995960295,1.8933677673339844
6,"KNN(k=3, metric=euclidean, voting=majority, retention=oblivion_by_goodness)",3,euclidean,majority,oblivion_by_goodness,0.9264705882352942,0.9393483709273184,0.00044029997661709785,0.013270399998873472,1.8857908248901367
6,"KNN(k=3, metric=euclidean, voting=inverse_distance, retention=never_retain)",3,euclidean,inverse_distance,never_retain,0.8970588235294118,0.9215985307398049,0.000430300016887486,0.027358099992852658,63.96061134338379
6,"KNN(k=3, metric=euclidean, voting=inverse_distance, retention=always_retain)",3,euclidean,inverse_distance,always_retain,0.9117647058823529,0.9292969265268435,0.0004490000428631902,0.023748299980070442,2.043344497680664
6,"KNN(k=3, metric=euclidean, voting=inverse_distance, retention=different_class)",3,euclidean,inverse_distance,different_class,0.9264705882352942,0.9393483709273184,0.0004507999983616173,0.02069980005035177,1.8943977355957031
6,"KNN(k=3, metric=euclidean, voting=inverse_distance, retention=oblivion_by_goodness)",3,euclidean,inverse_distance,oblivion_by_goodness,0.9264705882352942,0.9393483709273184,0.00043590000132098794,0.021774200024083257,1.8863248825073242
6,"KNN(k=3, metric=manhattan, voting=majority, retention=never_retain)",3,manhattan,majority,never_retain,0.8970588235294118,0.9215985307398049,0.0004485999816097319,0.018753700016532093,63.64091682434082
6,"KNN(k=3, metric=manhattan, voting=majority, retention=always_retain)",3,manhattan,majority,always_retain,0.9117647058823529,0.9292969265268435,0.0004330000374466181,0.014131199975963682,2.0333423614501953
6,"KNN(k=3, metric=manhattan, voting=majority, retention=different_class)",3,manhattan,majority,different_class,0.9264705882352942,0.9393483709273184,0.000443900004029274,0.01131650002207607,1.8876457214355469
6,"KNN(k=3, metric=manhattan, voting=majority, retention=oblivion_by_goodness)",3,manhattan,majority,oblivion_by_goodness,0.9264705882352942,0.9393483709273184,0.00040329998591914773,0.01281600003130734,1.8800764083862305
6,"KNN(k=3, metric=manhattan, voting=inverse_distance, retention=never_retain)",3,manhattan,inverse_distance,never_retain,0.8970588235294118,0.9215985307398049,0.00044219999108463526,0.027099600003566593,63.64091682434082
6,"KNN(k=3, metric=manhattan, voting=inverse_distance, retention=always_retain)",3,manhattan,inverse_distance,always_retain,0.9117647058823529,0.9292969265268435,0.0004342000465840101,0.02415479999035597,2.036405563354492
6,"KNN(k=3, metric=manhattan, voting=inverse_distance, retention=different_class)",3,manhattan,inverse_distance,different_class,0.9264705882352942,0.9393483709273184,0.0004550999728962779,0.019993200025055557,1.8886756896972656
6,"KNN(k=3, metric=manhattan, voting=inverse_distance, retention=oblivion_by_goodness)",3,manhattan,inverse_distance,oblivion_by_goodness,0.9264705882352942,0.9393483709273184,0.0004787000361829996,0.02122709999093786,1.880660057067871
6,"KNN(k=3, metric=canberra, voting=majority, retention=never_retain)",3,canberra,majority,never_retain,0.8970588235294118,0.9215985307398049,0.00042669998947530985,0.04526859999168664,95.54748630523682
6,"KNN(k=3, metric=canberra, voting=majority, retention=always_retain)",3,canberra,majority,always_retain,0.9117647058823529,0.9292969265268435,0.00042779999785125256,0.021093099960125983,2.6126184463500977
6,"KNN(k=3, metric=canberra, voting=majority, retention=different_class)",3,canberra,majority,different_class,0.9117647058823529,0.9318874108347792,0.0004493999877013266,0.01752739999210462,2.4232006072998047
6,"KNN(k=3, metric=canberra, voting=majority, retention=oblivion_by_goodness)",3,canberra,majority,oblivion_by_goodness,0.9264705882352942,0.9393483709273184,0.0004428999964147806,0.01894099998753518,2.4087467193603516
6,"KNN(k=3, metric=canberra, voting=inverse_distance, retention=never_retain)",3,canberra,inverse_distance,never_retain,0.8970588235294118,0.9215985307398049,0.0004450000124052167,0.0526395000051707,95.54748630523682
6,"KNN(k=3, metric=canberra, voting=inverse_distance, retention=always_retain)",3,canberra,inverse_distance,always_retain,0.9117647058823529,0.9292969265268435,0.00044730002991855145,0.029816199967171997,2.6152353286743164
6,"KNN(k=3, metric=canberra, voting=inverse_distance, retention=different_class)",3,canberra,inverse_distance,different_class,0.9117647058823529,0.9318874108347792,0.00045490002958104014,0.026330000022426248,2.424032211303711
6,"KNN(k=3, metric=canberra, voting=inverse_distance, retention=oblivion_by_goodness)",3,canberra,inverse_distance,oblivion_by_goodness,0.9264705882352942,0.9393483709273184,0.00044169998727738857,0.02766149997478351,2.409231185913086
6,"KNN(k=3, metric=hamming, voting=majority, retention=never_retain)",3,hamming,majority,never_retain,0.8970588235294118,0.9215985307398049,0.00044440000783652067,0.0069972999626770616,4.796977996826172
6,"KNN(k=3, metric=hamming, voting=majority, retention=always_retain)",3,hamming,majority,always_retain,0.9117647058823529,0.9292969265268435,0.000443900004029274,0.016390000004321337,1.5191497802734375
6,"KNN(k=3, metric=hamming, voting=majority, retention=different_class)",3,hamming,majority,different_class,0.9264705882352942,0.9393483709273184,0.00044600002001971006,0.013107000035233796,1.4185781478881836
6,"KNN(k=3, metric=hamming, voting=majority, retention=oblivion_by_goodness)",3,hamming,majority,oblivion_by_goodness,0.9264705882352942,0.9393483709273184,0.0004466999671421945,0.015111599990632385,1.422119140625
6,"KNN(k=3, metric=hamming, voting=inverse_distance, retention=never_retain)",3,hamming,inverse_distance,never_retain,0.8970588235294118,0.9215985307398049,0.0004450000124052167,0.01557009998941794,4.796977996826172
6,"KNN(k=3, metric=hamming, voting=inverse_distance, retention=always_retain)",3,hamming,inverse_distance,always_retain,0.9117647058823529,0.9292969265268435,0.0004594000056385994,0.02519320003921166,1.5210227966308594
6,"KNN(k=3, metric=hamming, voting=inverse_distance, retention=different_class)",3,hamming,inverse_distance,different_class,0.9264705882352942,0.9393483709273184,0.00044950004667043686,0.022193799959495664,1.4192113876342773
6,"KNN(k=3, metric=hamming, voting=inverse_distance, retention=oblivion_by_goodness)",3,hamming,inverse_distance,oblivion_by_goodness,0.9264705882352942,0.9393483709273184,0.00045299995690584183,0.02387900004396215,1.4227027893066406
6,"KNN(k=5, metric=euclidean, voting=majority, retention=never_retain)",5,euclidean,majority,never_retain,0.9117647058823529,0.9292969265268435,0.00044840003829449415,0.018659699999261647,63.96014595031738
6,"KNN(k=5, metric=euclidean, voting=majority, retention=always_retain)",5,euclidean,majority,always_retain,0.9117647058823529,0.9292969265268435,0.0004495999892242253,0.014627399970777333,2.039613723754883
6,"KNN(k=5, metric=euclidean, voting=majority, retention=different_class)",5,euclidean,majority,different_class,0.9264705882352942,0.9395858066218177,0.00044139998499304056,0.011859800026286393,1.8934440612792969
6,"KNN(k=5, metric=euclidean, voting=majority, retention=oblivion_by_goodness)",5,euclidean,majority,oblivion_by_goodness,0.9117647058823529,0.9292969265268435,0.0004611000185832381,0.014209599990863353,1.8858366012573242
6,"KNN(k=5, metric=euclidean, voting=inverse_distance, retention=never_retain)",5,euclidean,inverse_distance,never_retain,0.9117647058823529,0.9292969265268435,0.0005133000086061656,0.028498300001956522,63.96014595031738
6,"KNN(k=5, metric=euclidean, voting=inverse_distance, retention=always_retain)",5,euclidean,inverse_distance,always_retain,0.9117647058823529,0.9292969265268435,0.0004550999728962779,0.024892100016586483,2.041288375854492
6,"KNN(k=5, metric=euclidean, voting=inverse_distance, retention=different_class)",5,euclidean,inverse_distance,different_class,0.9264705882352942,0.9395858066218177,0.00044210004853084683,0.021608599985484034,1.8942756652832031
6,"KNN(k=5, metric=euclidean, voting=inverse_distance, retention=oblivion_by_goodness)",5,euclidean,inverse_distance,oblivion_by_goodness,0.9117647058823529,0.9292969265268435,0.00045029999455437064,0.02406720002181828,1.8862714767456055
6,"KNN(k=5, metric=manhattan, voting=majority, retention=never_retain)",5,manhattan,majority,never_retain,0.9117647058823529,0.9292969265268435,0.00046300003305077553,0.019084199971985072,63.64091682434082
6,"KNN(k=5, metric=manhattan, voting=majority, retention=always_retain)",5,manhattan,majority,always_retain,0.9117647058823529,0.9292969265268435,0.0004463000223040581,0.014652599988039583,2.033418655395508
6,"KNN(k=5, metric=manhattan, voting=majority, retention=different_class)",5,manhattan,majority,different_class,0.9264705882352942,0.9395858066218177,0.0004561999812722206,0.011493700032588094,1.8877220153808594
6,"KNN(k=5, metric=manhattan, voting=majority, retention=oblivion_by_goodness)",5,manhattan,majority,oblivion_by_goodness,0.9117647058823529,0.9292969265268435,0.00043029995867982507,0.014261400036048144,1.880122184753418
6,"KNN(k=5, metric=manhattan, voting=inverse_distance, retention=never_retain)",5,manhattan,inverse_distance,never_retain,0.9117647058823529,0.9292969265268435,0.00045989995123818517,0.028671800042502582,63.64091682434082
6,"KNN(k=5, metric=manhattan, voting=inverse_distance, retention=always_retain)",5,manhattan,inverse_distance,always_retain,0.9117647058823529,0.9292969265268435,0.0004463000223040581,0.024620399984996766,2.034994125366211
6,"KNN(k=5, metric=manhattan, voting=inverse_distance, retention=different_class)",5,manhattan,inverse_distance,different_class,0.9264705882352942,0.9395858066218177,0.0004447000101208687,0.021401099977083504,1.8883056640625
6,"KNN(k=5, metric=manhattan, voting=inverse_distance, retention=oblivion_by_goodness)",5,manhattan,inverse_distance,oblivion_by_goodness,0.9117647058823529,0.9292969265268435,0.00045519997365772724,0.024024699989240617,1.8806066513061523
6,"KNN(k=5, metric=canberra, voting=majority, retention=never_retain)",5,canberra,majority,never_retain,0.9117647058823529,0.9292969265268435,0.00044239999260753393,0.04516479995800182,95.54748630523682
6,"KNN(k=5, metric=canberra, voting=majority, retention=always_retain)",5,canberra,majority,always_retain,0.9117647058823529,0.9292969265268435,0.0004543000250123441,0.021057600039057434,2.61269474029541
6,"KNN(k=5, metric=canberra, voting=majority, retention=different_class)",5,canberra,majority,different_class,0.9264705882352942,0.9395858066218177,0.00045270001282915473,0.01822059997357428,2.420168876647949
6,"KNN(k=5, metric=canberra, voting=majority, retention=oblivion_by_goodness)",5,canberra,majority,oblivion_by_goodness,0.9117647058823529,0.9292969265268435,0.0004535000189207494,0.020180199993774295,2.408792495727539
6,"KNN(k=5, metric=canberra, voting=inverse_distance, retention=never_retain)",5,canberra,inverse_distance,never_retain,0.9117647058823529,0.9292969265268435,0.00044809997780248523,0.055235000036191195,95.54748630523682
6,"KNN(k=5, metric=canberra, voting=inverse_distance, retention=always_retain)",5,canberra,inverse_distance,always_retain,0.9117647058823529,0.9292969265268435,0.00043569999979808927,0.033592899970244616,2.614121437072754
6,"KNN(k=5, metric=canberra, voting=inverse_distance, retention=different_class)",5,canberra,inverse_distance,different_class,0.9264705882352942,0.9395858066218177,0.00044350000098347664,0.027627200004644692,2.420851707458496
6,"KNN(k=5, metric=canberra, voting=inverse_distance, retention=oblivion_by_goodness)",5,canberra,inverse_distance,oblivion_by_goodness,0.9117647058823529,0.9292969265268435,0.0004592000041157007,0.03033450001385063,2.4092273712158203
6,"KNN(k=5, metric=hamming, voting=majority, retention=never_retain)",5,hamming,majority,never_retain,0.9117647058823529,0.9292969265268435,0.00044730002991855145,0.007217999955173582,4.796977996826172
6,"KNN(k=5, metric=hamming, voting=majority, retention=always_retain)",5,hamming,majority,always_retain,0.9117647058823529,0.9292969265268435,0.00042529997881501913,0.017230099998414516,1.51922607421875
6,"KNN(k=5, metric=hamming, voting=majority, retention=different_class)",5,hamming,majority,different_class,0.9264705882352942,0.9395858066218177,0.00044380000326782465,0.013173299957998097,1.418654441833496
6,"KNN(k=5, metric=hamming, voting=majority, retention=oblivion_by_goodness)",5,hamming,majority,oblivion_by_goodness,0.9117647058823529,0.9292969265268435,0.0004395999712869525,0.015668199979700148,1.42364501953125
6,"KNN(k=5, metric=hamming, voting=inverse_distance, retention=never_retain)",5,hamming,inverse_distance,never_retain,0.9117647058823529,0.9292969265268435,0.00045849999878555536,0.01661479996982962,4.796977996826172
6,"KNN(k=5, metric=hamming, voting=inverse_distance, retention=always_retain)",5,hamming,inverse_distance,always_retain,0.9117647058823529,0.9292969265268435,0.0004474999732337892,0.026734900020528585,1.5206527709960938
6,"KNN(k=5, metric=hamming, voting=inverse_distance, retention=different_class)",5,hamming,inverse_distance,different_class,0.9264705882352942,0.9395858066218177,0.0004783999756909907,0.02343920001294464,1.4192876815795898
6,"KNN(k=5, metric=hamming, voting=inverse_distance, retention=oblivion_by_goodness)",5,hamming,inverse_distance,oblivion_by_goodness,0.9117647058823529,0.9292969265268435,0.00045650004176422954,0.026190499949734658,1.4241790771484375
6,"KNN(k=7, metric=euclidean, voting=majority, retention=never_retain)",7,euclidean,majority,never_retain,0.9264705882352942,0.9365782878248252,0.00045089999912306666,0.019230199977755547,63.96014595031738
6,"KNN(k=7, metric=euclidean, voting=majority, retention=always_retain)",7,euclidean,majority,always_retain,0.9117647058823529,0.9292969265268435,0.0004708999767899513,0.015028399997390807,2.0396900177001953
6,"KNN(k=7, metric=euclidean, voting=majority, retention=different_class)",7,euclidean,majority,different_class,0.9264705882352942,0.9365782878248252,0.00046439998550340533,0.011917700001504272,1.8935136795043945
6,"KNN(k=7, metric=euclidean, voting=majority, retention=oblivion_by_goodness)",7,euclidean,majority,oblivion_by_goodness,0.9117647058823529,0.9292969265268435,0.0004831000114791095,0.01499980001244694,1.8859128952026367
6,"KNN(k=7, metric=euclidean, voting=inverse_distance, retention=never_retain)",7,euclidean,inverse_distance,never_retain,0.9264705882352942,0.9365782878248252,0.00043970003025606275,0.02911339997081086,63.96014595031738
6,"KNN(k=7, metric=euclidean, voting=inverse_distance, retention=always_retain)",7,euclidean,inverse_distance,always_retain,0.9117647058823529,0.9292969265268435,0.00043760001426562667,0.025820699986070395,2.041414260864258
6,"KNN(k=7, metric=euclidean, voting=inverse_distance, retention=different_class)",7,euclidean,inverse_distance,different_class,0.9264705882352942,0.9365782878248252,0.00044570001773536205,0.022701399982906878,1.8940973281860352
6,"KNN(k=7, metric=euclidean, voting=inverse_distance, retention=oblivion_by_goodness)",7,euclidean,inverse_distance,oblivion_by_goodness,0.9117647058823529,0.9292969265268435,0.00043830001959577203,0.025871099962387234,1.8862981796264648
6,"KNN(k=7, metric=manhattan, voting=majority, retention=never_retain)",7,manhattan,majority,never_retain,0.9264705882352942,0.9365782878248252,0.0004613999626599252,0.019197700021322817,63.64091682434082
6,"KNN(k=7, metric=manhattan, voting=majority, retention=always_retain)",7,manhattan,majority,always_retain,0.9117647058823529,0.9292969265268435,0.00044439994962885976,0.014641600020695478,2.0334949493408203
6,"KNN(k=7, metric=manhattan, voting=majority, retention=different_class)",7,manhattan,majority,different_class,0.9264705882352942,0.9365782878248252,0.0004768000217154622,0.011851099960040301,1.887791633605957
6,"KNN(k=7, metric=manhattan, voting=majority, retention=oblivion_by_goodness)",7,manhattan,majority,oblivion_by_goodness,0.9117647058823529,0.9292969265268435,0.0004640999832190573,0.01491530000930652,1.8801984786987305
6,"KNN(k=7, metric=manhattan, voting=inverse_distance, retention=never_retain)",7,manhattan,inverse_distance,never_retain,0.9264705882352942,0.9365782878248252,0.00044649996561929584,0.02898310002638027,63.64091682434082
6,"KNN(k=7, metric=manhattan, voting=inverse_distance, retention=always_retain)",7,manhattan,inverse_distance,always_retain,0.9117647058823529,0.9292969265268435,0.0004805999924428761,0.02843499998562038,2.0350208282470703
6,"KNN(k=7, metric=manhattan, voting=inverse_distance, retention=different_class)",7,manhattan,inverse_distance,different_class,0.9264705882352942,0.9365782878248252,0.00044919998617842793,0.022798700025305152,1.8886232376098633
6,"KNN(k=7, metric=manhattan, voting=inverse_distance, retention=oblivion_by_goodness)",7,manhattan,inverse_distance,oblivion_by_goodness,0.9117647058823529,0.9292969265268435,0.00048019998939707875,0.02565829997183755,1.8806829452514648
6,"KNN(k=7, metric=canberra, voting=majority, retention=never_retain)",7,canberra,majority,never_retain,0.9264705882352942,0.9365782878248252,0.0004773000255227089,0.04983779997564852,95.54748630523682
6,"KNN(k=7, metric=canberra, voting=majority, retention=always_retain)",7,canberra,majority,always_retain,0.9117647058823529,0.9292969265268435,0.0004430999979376793,0.023035199963487685,2.6127710342407227
6,"KNN(k=7, metric=canberra, voting=majority, retention=different_class)",7,canberra,majority,different_class,0.9117647058823529,0.9292969265268435,0.00043890002416446805,0.01788870000746101,2.423346519470215
6,"KNN(k=7, metric=canberra, voting=majority, retention=oblivion_by_goodness)",7,canberra,majority,oblivion_by_goodness,0.9117647058823529,0.9292969265268435,0.0004501999937929213,0.020691699988674372,2.4088687896728516
6,"KNN(k=7, metric=canberra, voting=inverse_distance, retention=never_retain)",7,canberra,inverse_distance,never_retain,0.9264705882352942,0.9365782878248252,0.0004447000101208687,0.05486859998200089,95.54748630523682
6,"KNN(k=7, metric=canberra, voting=inverse_distance, retention=always_retain)",7,canberra,inverse_distance,always_retain,0.9117647058823529,0.9292969265268435,0.0004480000352486968,0.03335719997994602,2.6142473220825195
6,"KNN(k=7, metric=canberra, voting=inverse_distance, retention=different_class)",7,canberra,inverse_distance,different_class,0.9117647058823529,0.9292969265268435,0.00045490002958104014,0.028612099995370954,2.424078941345215
6,"KNN(k=7, metric=canberra, voting=inverse_distance, retention=oblivion_by_goodness)",7,canberra,inverse_distance,oblivion_by_goodness,0.9117647058823529,0.9292969265268435,0.0004545000265352428,0.0318884999724105,2.4092540740966797
6,"KNN(k=7, metric=hamming, voting=majority, retention=never_retain)",7,hamming,majority,never_retain,0.9264705882352942,0.9365782878248252,0.00044130004243925214,0.007178999949246645,4.796977996826172
6,"KNN(k=7, metric=hamming, voting=majority, retention=always_retain)",7,hamming,majority,always_retain,0.9117647058823529,0.9292969265268435,0.0004463000223040581,0.018292699998710304,1.5193023681640625
6,"KNN(k=7, metric=hamming, voting=majority, retention=different_class)",7,hamming,majority,different_class,0.9264705882352942,0.9365782878248252,0.00046330003533512354,0.013586599961854517,1.4187240600585938
6,"KNN(k=7, metric=hamming, voting=majority, retention=oblivion_by_goodness)",7,hamming,majority,oblivion_by_goodness,0.9117647058823529,0.9292969265268435,0.0004895000020042062,0.016546999977435917,1.4222412109375
6,"KNN(k=7, metric=hamming, voting=inverse_distance, retention=never_retain)",7,hamming,inverse_distance,never_retain,0.9264705882352942,0.9365782878248252,0.00044510001316666603,0.017166299978271127,4.796977996826172
6,"KNN(k=7, metric=hamming, voting=inverse_distance, retention=always_retain)",7,hamming,inverse_distance,always_retain,0.9117647058823529,0.9292969265268435,0.0004406999796628952,0.027542399999219924,1.5207786560058594
6,"KNN(k=7, metric=hamming, voting=inverse_distance, retention=different_class)",7,hamming,inverse_distance,different_class,0.9264705882352942,0.9365782878248252,0.0004458000184968114,0.024135499959811568,1.4193077087402344
6,"KNN(k=7, metric=hamming, voting=inverse_distance, retention=oblivion_by_goodness)",7,hamming,inverse_distance,oblivion_by_goodness,0.9117647058823529,0.9292969265268435,0.0004325999761931598,0.02720810001483187,1.4228248596191406
7,"KNN(k=3, metric=euclidean, voting=majority, retention=never_retain)",3,euclidean,majority,never_retain,0.9365079365079365,0.9233906525573192,0.00044629996409639716,0.018729800009168684,59.845712661743164
7,"KNN(k=3, metric=euclidean, voting=majority, retention=always_retain)",3,euclidean,majority,always_retain,0.9523809523809523,0.9294480755265069,0.00046300003305077553,0.015361699974164367,2.0938377380371094
7,"KNN(k=3, metric=euclidean, voting=majority, retention=different_class)",3,euclidean,majority,different_class,0.9365079365079365,0.9233906525573192,0.0004762000171467662,0.01134749996708706,1.953878402709961
7,"KNN(k=3, metric=euclidean, voting=majority, retention=oblivion_by_goodness)",3,euclidean,majority,oblivion_by_goodness,0.9523809523809523,0.9294480755265069,0.0004364000051282346,0.012531700020190328,1.9487943649291992
7,"KNN(k=3, metric=euclidean, voting=inverse_distance, retention=never_retain)",3,euclidean,inverse_distance,never_retain,0.9365079365079365,0.9233906525573192,0.0006841999711468816,0.02532390004489571,59.821502685546875
7,"KNN(k=3, metric=euclidean, voting=inverse_distance, retention=always_retain)",3,euclidean,inverse_distance,always_retain,0.9523809523809523,0.9294480755265069,0.000444800010882318,0.02341510000405833,2.094738006591797
7,"KNN(k=3, metric=euclidean, voting=inverse_distance, retention=different_class)",3,euclidean,inverse_distance,different_class,0.9365079365079365,0.9233906525573192,0.0004456000169739127,0.019475999986752868,1.9566936492919922
7,"KNN(k=3, metric=euclidean, voting=inverse_distance, retention=oblivion_by_goodness)",3,euclidean,inverse_distance,oblivion_by_goodness,0.9523809523809523,0.9294480755265069,0.00044079998042434454,0.020841299963649362,1.9497747421264648
7,"KNN(k=3, metric=manhattan, voting=majority, retention=never_retain)",3,manhattan,majority,never_retain,0.9365079365079365,0.9233906525573192,0.0004349999944679439,0.018068699981085956,59.52305793762207
7,"KNN(k=3, metric=manhattan, voting=majority, retention=always_retain)",3,manhattan,majority,always_retain,0.9523809523809523,0.9294480755265069,0.0004240999696776271,0.014389900024980307,2.0844383239746094
7,"KNN(k=3, metric=manhattan, voting=majority, retention=different_class)",3,manhattan,majority,different_class,0.9365079365079365,0.9233906525573192,0.0004409999819472432,0.01112989999819547,1.9481258392333984
7,"KNN(k=3, metric=manhattan, voting=majority, retention=oblivion_by_goodness)",3,manhattan,majority,oblivion_by_goodness,0.9523809523809523,0.9294480755265069,0.00046040001325309277,0.012527599988970906,1.9430418014526367
7,"KNN(k=3, metric=manhattan, voting=inverse_distance, retention=never_retain)",3,manhattan,inverse_distance,never_retain,0.9365079365079365,0.9233906525573192,0.0005287000094540417,0.025618800020311028,59.52305793762207
7,"KNN(k=3, metric=manhattan, voting=inverse_distance, retention=always_retain)",3,manhattan,inverse_distance,always_retain,0.9523809523809523,0.9294480755265069,0.00048049999168142676,0.023060599982272834,2.0888900756835938
7,"KNN(k=3, metric=manhattan, voting=inverse_distance, retention=different_class)",3,manhattan,inverse_distance,different_class,0.9365079365079365,0.9233906525573192,0.00044839998008683324,0.018762400024570525,1.9496021270751953
7,"KNN(k=3, metric=manhattan, voting=inverse_distance, retention=oblivion_by_goodness)",3,manhattan,inverse_distance,oblivion_by_goodness,0.9523809523809523,0.9294480755265069,0.0004401999758556485,0.0205219000345096,1.9437246322631836
7,"KNN(k=3, metric=canberra, voting=majority, retention=never_retain)",3,canberra,majority,never_retain,0.9365079365079365,0.9233906525573192,0.0004524000105448067,0.041873999987728894,89.32391452789307
7,"KNN(k=3, metric=canberra, voting=majority, retention=always_retain)",3,canberra,majority,always_retain,0.9523809523809523,0.9294480755265069,0.00043940002797171474,0.019844400056172162,2.6637144088745117
7,"KNN(k=3, metric=canberra, voting=majority, retention=different_class)",3,canberra,majority,different_class,0.9365079365079365,0.9233906525573192,0.00045520003186538815,0.016787300002761185,2.4835939407348633
7,"KNN(k=3, metric=canberra, voting=majority, retention=oblivion_by_goodness)",3,canberra,majority,oblivion_by_goodness,0.9523809523809523,0.9294480755265069,0.00043680000817403197,0.018052500032354146,2.4754886627197266
7,"KNN(k=3, metric=canberra, voting=inverse_distance, retention=never_retain)",3,canberra,inverse_distance,never_retain,0.9365079365079365,0.9233906525573192,0.0004246999742463231,0.0493510999949649,89.32391452789307
7,"KNN(k=3, metric=canberra, voting=inverse_distance, retention=always_retain)",3,canberra,inverse_distance,always_retain,0.9523809523809523,0.9294480755265069,0.00042799999937415123,0.02804990002186969,2.6652402877807617
7,"KNN(k=3, metric=canberra, voting=inverse_distance, retention=different_class)",3,canberra,inverse_distance,different_class,0.9365079365079365,0.9233906525573192,0.0004268999909982085,0.02452199999243021,2.484177589416504
7,"KNN(k=3, metric=canberra, voting=inverse_distance, retention=oblivion_by_goodness)",3,canberra,inverse_distance,oblivion_by_goodness,0.9523809523809523,0.9294480755265069,0.0004423000500537455,0.026199899963103235,2.476022720336914
7,"KNN(k=3, metric=hamming, voting=majority, retention=never_retain)",3,hamming,majority,never_retain,0.9365079365079365,0.9233906525573192,0.00044159998651593924,0.006936300022061914,4.566791534423828
7,"KNN(k=3, metric=hamming, voting=majority, retention=always_retain)",3,hamming,majority,always_retain,0.9523809523809523,0.9294480755265069,0.0004266000469215214,0.015520400018431246,1.5702457427978516
7,"KNN(k=3, metric=hamming, voting=majority, retention=different_class)",3,hamming,majority,different_class,0.9365079365079365,0.9233906525573192,0.0004434000002220273,0.012740799982566386,1.4760370254516602
7,"KNN(k=3, metric=hamming, voting=majority, retention=oblivion_by_goodness)",3,hamming,majority,oblivion_by_goodness,0.9523809523809523,0.9294480755265069,0.00045270001282915473,0.014213700022082776,1.4828920364379883
7,"KNN(k=3, metric=hamming, voting=inverse_distance, retention=never_retain)",3,hamming,inverse_distance,never_retain,0.9365079365079365,0.9233906525573192,0.0004673000075854361,0.01429600000847131,4.566791534423828
7,"KNN(k=3, metric=hamming, voting=inverse_distance, retention=always_retain)",3,hamming,inverse_distance,always_retain,0.9523809523809523,0.9294480755265069,0.00044680002611130476,0.025605799979530275,1.5733089447021484
7,"KNN(k=3, metric=hamming, voting=inverse_distance, retention=different_class)",3,hamming,inverse_distance,different_class,0.9365079365079365,0.9233906525573192,0.0004899000050500035,0.020577699993737042,1.477066993713379
7,"KNN(k=3, metric=hamming, voting=inverse_distance, retention=oblivion_by_goodness)",3,hamming,inverse_distance,oblivion_by_goodness,0.9523809523809523,0.9294480755265069,0.00043430004734545946,0.022410000034142286,1.4833765029907227
7,"KNN(k=5, metric=euclidean, voting=majority, retention=never_retain)",5,euclidean,majority,never_retain,0.9206349206349206,0.9101150392817061,0.0004406000371091068,0.018310099956579506,59.82122993469238
7,"KNN(k=5, metric=euclidean, voting=majority, retention=always_retain)",5,euclidean,majority,always_retain,0.9206349206349206,0.9101150392817061,0.00043680000817403197,0.013895699987187982,2.090709686279297
7,"KNN(k=5, metric=euclidean, voting=majority, retention=different_class)",5,euclidean,majority,different_class,0.9206349206349206,0.9101150392817061,0.00043979997280985117,0.011366199993062764,1.9563140869140625
7,"KNN(k=5, metric=euclidean, voting=majority, retention=oblivion_by_goodness)",5,euclidean,majority,oblivion_by_goodness,0.9365079365079365,0.9233906525573192,0.00045900000259280205,0.013618600030895323,1.9488706588745117
7,"KNN(k=5, metric=euclidean, voting=inverse_distance, retention=never_retain)",5,euclidean,inverse_distance,never_retain,0.9206349206349206,0.9101150392817061,0.00043569999979808927,0.026377699978183955,59.82122993469238
7,"KNN(k=5, metric=euclidean, voting=inverse_distance, retention=always_retain)",5,euclidean,inverse_distance,always_retain,0.9206349206349206,0.9101150392817061,0.0004342000465840101,0.02642309997463599,2.092681884765625
7,"KNN(k=5, metric=euclidean, voting=inverse_distance, retention=different_class)",5,euclidean,inverse_distance,different_class,0.9206349206349206,0.9101150392817061,0.0004178000381216407,0.020284999976865947,1.957244873046875
7,"KNN(k=5, metric=euclidean, voting=inverse_distance, retention=oblivion_by_goodness)",5,euclidean,inverse_distance,oblivion_by_goodness,0.9365079365079365,0.9233906525573192,0.0004591000033542514,0.022413400001823902,1.949751853942871
7,"KNN(k=5, metric=manhattan, voting=majority, retention=never_retain)",5,manhattan,majority,never_retain,0.9206349206349206,0.9101150392817061,0.00047450000420212746,0.018506099993828684,59.52305793762207
7,"KNN(k=5, metric=manhattan, voting=majority, retention=always_retain)",5,manhattan,majority,always_retain,0.9206349206349206,0.9101150392817061,0.00042210001265630126,0.016918599954806268,2.084514617919922
7,"KNN(k=5, metric=manhattan, voting=majority, retention=different_class)",5,manhattan,majority,different_class,0.9206349206349206,0.9101150392817061,0.0004697000258602202,0.01143810001667589,1.9505538940429688
7,"KNN(k=5, metric=manhattan, voting=majority, retention=oblivion_by_goodness)",5,manhattan,majority,oblivion_by_goodness,0.9365079365079365,0.9233906525573192,0.00043429998913779855,0.013549599971156567,1.9431180953979492
7,"KNN(k=5, metric=manhattan, voting=inverse_distance, retention=never_retain)",5,manhattan,inverse_distance,never_retain,0.9206349206349206,0.9101150392817061,0.00043270003516227007,0.026296500000171363,59.52305793762207
7,"KNN(k=5, metric=manhattan, voting=inverse_distance, retention=always_retain)",5,manhattan,inverse_distance,always_retain,0.9206349206349206,0.9101150392817061,0.000444800010882318,0.025157899945043027,2.0865859985351562
7,"KNN(k=5, metric=manhattan, voting=inverse_distance, retention=different_class)",5,manhattan,inverse_distance,different_class,0.9206349206349206,0.9101150392817061,0.00043760001426562667,0.020383400027640164,1.9511375427246094
7,"KNN(k=5, metric=manhattan, voting=inverse_distance, retention=oblivion_by_goodness)",5,manhattan,inverse_distance,oblivion_by_goodness,0.9365079365079365,0.9233906525573192,0.00044220004929229617,0.022725099988747388,1.9439001083374023
7,"KNN(k=5, metric=canberra, voting=majority, retention=never_retain)",5,canberra,majority,never_retain,0.9206349206349206,0.9101150392817061,0.00043539999751374125,0.0427668999764137,89.32391452789307
7,"KNN(k=5, metric=canberra, voting=majority, retention=always_retain)",5,canberra,majority,always_retain,0.9047619047619048,0.899254554737011,0.0004613999626599252,0.02191419998416677,2.663790702819824
7,"KNN(k=5, metric=canberra, voting=majority, retention=different_class)",5,canberra,majority,different_class,0.9206349206349206,0.9101150392817061,0.0004246999742463231,0.016972800018265843,2.4867773056030273
7,"KNN(k=5, metric=canberra, voting=majority, retention=oblivion_by_goodness)",5,canberra,majority,oblivion_by_goodness,0.9206349206349206,0.9101150392817061,0.00043180002830922604,0.019261999987065792,2.475564956665039
7,"KNN(k=5, metric=canberra, voting=inverse_distance, retention=never_retain)",5,canberra,inverse_distance,never_retain,0.9206349206349206,0.9101150392817061,0.0004887000541202724,0.050148299953434616,89.32391452789307
7,"KNN(k=5, metric=canberra, voting=inverse_distance, retention=always_retain)",5,canberra,inverse_distance,always_retain,0.9047619047619048,0.899254554737011,0.00043299997923895717,0.03052239998942241,2.66556453704834
7,"KNN(k=5, metric=canberra, voting=inverse_distance, retention=different_class)",5,canberra,inverse_distance,different_class,0.9206349206349206,0.9101150392817061,0.00044890004210174084,0.02607179997721687,2.4879064559936523
7,"KNN(k=5, metric=canberra, voting=inverse_distance, retention=oblivion_by_goodness)",5,canberra,inverse_distance,oblivion_by_goodness,0.9206349206349206,0.9101150392817061,0.0004971000016666949,0.028493600024376065,2.476247787475586
7,"KNN(k=5, metric=hamming, voting=majority, retention=never_retain)",5,hamming,majority,never_retain,0.9206349206349206,0.9101150392817061,0.0004316999693401158,0.006854300037957728,4.566791534423828
7,"KNN(k=5, metric=hamming, voting=majority, retention=always_retain)",5,hamming,majority,always_retain,0.9206349206349206,0.9101150392817061,0.00042619998566806316,0.017375199997331947,1.570322036743164
7,"KNN(k=5, metric=hamming, voting=majority, retention=different_class)",5,hamming,majority,different_class,0.9206349206349206,0.9101150392817061,0.00046150002162903547,0.01722789998166263,1.4777097702026367
7,"KNN(k=5, metric=hamming, voting=majority, retention=oblivion_by_goodness)",5,hamming,majority,oblivion_by_goodness,0.9365079365079365,0.9233906525573192,0.00044919998617842793,0.016569099971093237,1.4814882278442383
7,"KNN(k=5, metric=hamming, voting=inverse_distance, retention=never_retain)",5,hamming,inverse_distance,never_retain,0.9206349206349206,0.9101150392817061,0.0004311000229790807,0.015153299958910793,4.566791534423828
7,"KNN(k=5, metric=hamming, voting=inverse_distance, retention=always_retain)",5,hamming,inverse_distance,always_retain,0.9206349206349206,0.9101150392817061,0.0004883999936282635,0.02607760002138093,1.5715503692626953
7,"KNN(k=5, metric=hamming, voting=inverse_distance, retention=different_class)",5,hamming,inverse_distance,different_class,0.9206349206349206,0.9101150392817061,0.00042260001646354795,0.022251099988352507,1.478541374206543
7,"KNN(k=5, metric=hamming, voting=inverse_distance, retention=oblivion_by_goodness)",5,hamming,inverse_distance,oblivion_by_goodness,0.9365079365079365,0.9233906525573192,0.00042530003702268004,0.023974800016731024,1.4822206497192383
7,"KNN(k=7, metric=euclidean, voting=majority, retention=never_retain)",7,euclidean,majority,never_retain,0.9206349206349206,0.9101150392817061,0.0004317999701015651,0.017803900002036244,59.82122993469238
7,"KNN(k=7, metric=euclidean, voting=majority, retention=always_retain)",7,euclidean,majority,always_retain,0.9206349206349206,0.9101150392817061,0.00042610004311427474,0.014037299959454685,2.0907859802246094
7,"KNN(k=7, metric=euclidean, voting=majority, retention=different_class)",7,euclidean,majority,different_class,0.9365079365079365,0.9233906525573192,0.00042799999937415123,0.011529000010341406,1.954030990600586
7,"KNN(k=7, metric=euclidean, voting=majority, retention=oblivion_by_goodness)",7,euclidean,majority,oblivion_by_goodness,0.9206349206349206,0.9101150392817061,0.0004563999827951193,0.014490600035060197,1.9489469528198242
7,"KNN(k=7, metric=euclidean, voting=inverse_distance, retention=never_retain)",7,euclidean,inverse_distance,never_retain,0.9206349206349206,0.9101150392817061,0.0004440000047907233,0.02752410003449768,59.82122993469238
7,"KNN(k=7, metric=euclidean, voting=inverse_distance, retention=always_retain)",7,euclidean,inverse_distance,always_retain,0.9206349206349206,0.9101150392817061,0.00043710001045838,0.025386299996171147,2.092510223388672
7,"KNN(k=7, metric=euclidean, voting=inverse_distance, retention=different_class)",7,euclidean,inverse_distance,different_class,0.9365079365079365,0.9233906525573192,0.00046939996536821127,0.021177100017666817,1.9550609588623047
7,"KNN(k=7, metric=euclidean, voting=inverse_distance, retention=oblivion_by_goodness)",7,euclidean,inverse_distance,oblivion_by_goodness,0.9206349206349206,0.9101150392817061,0.0005247999797575176,0.02508069999748841,1.9494810104370117
7,"KNN(k=7, metric=manhattan, voting=majority, retention=never_retain)",7,manhattan,majority,never_retain,0.9206349206349206,0.9101150392817061,0.0004360000020824373,0.018101699999533594,59.52305793762207
7,"KNN(k=7, metric=manhattan, voting=majority, retention=always_retain)",7,manhattan,majority,always_retain,0.9206349206349206,0.9101150392817061,0.0004434000002220273,0.014961900014895946,2.0845909118652344
7,"KNN(k=7, metric=manhattan, voting=majority, retention=different_class)",7,manhattan,majority,different_class,0.9365079365079365,0.9233906525573192,0.00043559999903663993,0.011242899985518306,1.9482784271240234
7,"KNN(k=7, metric=manhattan, voting=majority, retention=oblivion_by_goodness)",7,manhattan,majority,oblivion_by_goodness,0.9206349206349206,0.9101150392817061,0.00043949997052550316,0.014386599999852479,1.9431943893432617
7,"KNN(k=7, metric=manhattan, voting=inverse_distance, retention=never_retain)",7,manhattan,inverse_distance,never_retain,0.9206349206349206,0.9101150392817061,0.0004360000020824373,0.028505099995527416,59.52305793762207
7,"KNN(k=7, metric=manhattan, voting=inverse_distance, retention=always_retain)",7,manhattan,inverse_distance,always_retain,0.9206349206349206,0.9101150392817061,0.00045469996985048056,0.024715400009881705,2.0862159729003906
7,"KNN(k=7, metric=manhattan, voting=inverse_distance, retention=different_class)",7,manhattan,inverse_distance,different_class,0.9365079365079365,0.9233906525573192,0.00043270003516227007,0.020720599975902587,1.9496707916259766
7,"KNN(k=7, metric=manhattan, voting=inverse_distance, retention=oblivion_by_goodness)",7,manhattan,inverse_distance,oblivion_by_goodness,0.9206349206349206,0.9101150392817061,0.0004494000459089875,0.023971799993887544,1.9438810348510742
7,"KNN(k=7, metric=canberra, voting=majority, retention=never_retain)",7,canberra,majority,never_retain,0.9206349206349206,0.9101150392817061,0.0004190000472590327,0.042792199994437397,89.32391452789307
7,"KNN(k=7, metric=canberra, voting=majority, retention=always_retain)",7,canberra,majority,always_retain,0.9206349206349206,0.9101150392817061,0.00043180002830922604,0.021682799968402833,2.6638669967651367
7,"KNN(k=7, metric=canberra, voting=majority, retention=different_class)",7,canberra,majority,different_class,0.9365079365079365,0.9233906525573192,0.0004309999640099704,0.017053899995516986,2.4837465286254883
7,"KNN(k=7, metric=canberra, voting=majority, retention=oblivion_by_goodness)",7,canberra,majority,oblivion_by_goodness,0.9365079365079365,0.9233906525573192,0.00044450000859797,0.020033299981150776,2.4756412506103516
7,"KNN(k=7, metric=canberra, voting=inverse_distance, retention=never_retain)",7,canberra,inverse_distance,never_retain,0.9206349206349206,0.9101150392817061,0.0006674000178463757,0.053980099968612194,89.32391452789307
7,"KNN(k=7, metric=canberra, voting=inverse_distance, retention=always_retain)",7,canberra,inverse_distance,always_retain,0.9206349206349206,0.9101150392817061,0.00042370002483949065,0.030831499956548214,2.665591239929199
7,"KNN(k=7, metric=canberra, voting=inverse_distance, retention=different_class)",7,canberra,inverse_distance,different_class,0.9365079365079365,0.9233906525573192,0.0004330000374466181,0.02709250000771135,2.4845285415649414
7,"KNN(k=7, metric=canberra, voting=inverse_distance, retention=oblivion_by_goodness)",7,canberra,inverse_distance,oblivion_by_goodness,0.9365079365079365,0.9233906525573192,0.0004539000219665468,0.029816400026902556,2.4762744903564453
7,"KNN(k=7, metric=hamming, voting=majority, retention=never_retain)",7,hamming,majority,never_retain,0.9206349206349206,0.9101150392817061,0.0004382000188343227,0.006970299989916384,4.566791534423828
7,"KNN(k=7, metric=hamming, voting=majority, retention=always_retain)",7,hamming,majority,always_retain,0.9206349206349206,0.9101150392817061,0.000463999982457608,0.017180300026666373,1.5703983306884766
7,"KNN(k=7, metric=hamming, voting=majority, retention=different_class)",7,hamming,majority,different_class,0.9365079365079365,0.9233906525573192,0.0004498999915085733,0.013014700030907989,1.4761896133422852
7,"KNN(k=7, metric=hamming, voting=majority, retention=oblivion_by_goodness)",7,hamming,majority,oblivion_by_goodness,0.9206349206349206,0.9101150392817061,0.00043349998304620385,0.01588109997101128,1.4808244705200195
7,"KNN(k=7, metric=hamming, voting=inverse_distance, retention=never_retain)",7,hamming,inverse_distance,never_retain,0.9206349206349206,0.9101150392817061,0.0006699999794363976,0.01780140004120767,4.566791534423828
7,"KNN(k=7, metric=hamming, voting=inverse_distance, retention=always_retain)",7,hamming,inverse_distance,always_retain,0.9206349206349206,0.9101150392817061,0.0004346999921835959,0.025861800007987767,1.5720233917236328
7,"KNN(k=7, metric=hamming, voting=inverse_distance, retention=different_class)",7,hamming,inverse_distance,different_class,0.9365079365079365,0.9233906525573192,0.00043680000817403197,0.0225497999927029,1.4769716262817383
7,"KNN(k=7, metric=hamming, voting=inverse_distance, retention=oblivion_by_goodness)",7,hamming,inverse_distance,oblivion_by_goodness,0.9206349206349206,0.9101150392817061,0.00044810003601014614,0.026842999970540404,1.481705665588379
8,"KNN(k=3, metric=euclidean, voting=majority, retention=never_retain)",3,euclidean,majority,never_retain,0.8656716417910447,0.9156107862248213,0.00047800003085285425,0.018989300006069243,63.20408058166504
8,"KNN(k=3, metric=euclidean, voting=majority, retention=always_retain)",3,euclidean,majority,always_retain,0.8805970149253731,0.9272069061542746,0.0004396000294946134,0.01598209998337552,2.0941619873046875
8,"KNN(k=3, metric=euclidean, voting=majority, retention=different_class)",3,euclidean,majority,different_class,0.8507462686567164,0.9144249512670564,0.00044350000098347664,0.012139799946453422,1.9589452743530273
8,"KNN(k=3, metric=euclidean, voting=majority, retention=oblivion_by_goodness)",3,euclidean,majority,oblivion_by_goodness,0.8507462686567164,0.9144493177387913,0.000451300002168864,0.014269799983594567,1.9395475387573242
8,"KNN(k=3, metric=euclidean, voting=inverse_distance, retention=never_retain)",3,euclidean,inverse_distance,never_retain,0.8507462686567164,0.9084393991514735,0.0005601000157184899,0.02764099999330938,63.17981719970703
8,"KNN(k=3, metric=euclidean, voting=inverse_distance, retention=always_retain)",3,euclidean,inverse_distance,always_retain,0.8656716417910447,0.9208576998050683,0.0004219000111334026,0.02441090001957491,2.0944671630859375
8,"KNN(k=3, metric=euclidean, voting=inverse_distance, retention=different_class)",3,euclidean,inverse_distance,different_class,0.8507462686567164,0.9136681573214082,0.0004556999774649739,0.0205279000219889,1.960174560546875
8,"KNN(k=3, metric=euclidean, voting=inverse_distance, retention=oblivion_by_goodness)",3,euclidean,inverse_distance,oblivion_by_goodness,0.8507462686567164,0.9144493177387913,0.00042669998947530985,0.022745000023860484,1.9400815963745117
8,"KNN(k=3, metric=manhattan, voting=majority, retention=never_retain)",3,manhattan,majority,never_retain,0.8656716417910447,0.9156107862248213,0.00041959999362006783,0.019593300006818026,62.86454963684082
8,"KNN(k=3, metric=manhattan, voting=majority, retention=always_retain)",3,manhattan,majority,always_retain,0.8805970149253731,0.9272069061542746,0.0004444999503903091,0.015683500037994236,2.0847625732421875
8,"KNN(k=3, metric=manhattan, voting=majority, retention=different_class)",3,manhattan,majority,different_class,0.8507462686567164,0.9144249512670564,0.0004340999876148999,0.011923300044145435,1.9531774520874023
8,"KNN(k=3, metric=manhattan, voting=majority, retention=oblivion_by_goodness)",3,manhattan,majority,oblivion_by_goodness,0.8507462686567164,0.9144493177387913,0.00044460000935941935,0.013418999966233969,1.9338254928588867
8,"KNN(k=3, metric=manhattan, voting=inverse_distance, retention=never_retain)",3,manhattan,inverse_distance,never_retain,0.8656716417910447,0.9140675763482781,0.00046499999007210135,0.028359699994325638,62.86454963684082
8,"KNN(k=3, metric=manhattan, voting=inverse_distance, retention=always_retain)",3,manhattan,inverse_distance,always_retain,0.8656716417910447,0.9205672132400718,0.000499200017657131,0.02535139996325597,2.0866851806640625
8,"KNN(k=3, metric=manhattan, voting=inverse_distance, retention=different_class)",3,manhattan,inverse_distance,different_class,0.8507462686567164,0.9135076252723313,0.00046900002053007483,0.02092189999530092,1.9539108276367188
8,"KNN(k=3, metric=manhattan, voting=inverse_distance, retention=oblivion_by_goodness)",3,manhattan,inverse_distance,oblivion_by_goodness,0.8656716417910447,0.9205672132400718,0.0004721000441350043,0.02280619996599853,1.9343595504760742
8,"KNN(k=3, metric=canberra, voting=majority, retention=never_retain)",3,canberra,majority,never_retain,0.8656716417910447,0.9156107862248213,0.0004697999684140086,0.050406399997882545,94.35302829742432
8,"KNN(k=3, metric=canberra, voting=majority, retention=always_retain)",3,canberra,majority,always_retain,0.8805970149253731,0.9272069061542746,0.0004658999969251454,0.02177649998338893,2.66403865814209
8,"KNN(k=3, metric=canberra, voting=majority, retention=different_class)",3,canberra,majority,different_class,0.8507462686567164,0.9144249512670564,0.00047209998592734337,0.0184412999660708,2.4901561737060547
8,"KNN(k=3, metric=canberra, voting=majority, retention=oblivion_by_goodness)",3,canberra,majority,oblivion_by_goodness,0.8507462686567164,0.9144493177387913,0.0005122000002302229,0.021426499995868653,2.4632511138916016
8,"KNN(k=3, metric=canberra, voting=inverse_distance, retention=never_retain)",3,canberra,inverse_distance,never_retain,0.8656716417910447,0.9140675763482781,0.000534999999217689,0.06693390000145882,94.35302829742432
8,"KNN(k=3, metric=canberra, voting=inverse_distance, retention=always_retain)",3,canberra,inverse_distance,always_retain,0.8656716417910447,0.9205672132400718,0.00043949997052550316,0.0332664999878034,2.666506767272949
8,"KNN(k=3, metric=canberra, voting=inverse_distance, retention=different_class)",3,canberra,inverse_distance,different_class,0.8507462686567164,0.9135076252723313,0.00042339996434748173,0.02739360003033653,2.490790367126465
8,"KNN(k=3, metric=canberra, voting=inverse_distance, retention=oblivion_by_goodness)",3,canberra,inverse_distance,oblivion_by_goodness,0.8656716417910447,0.9205672132400718,0.00045819999650120735,0.028527599992230535,2.463785171508789
8,"KNN(k=3, metric=hamming, voting=majority, retention=never_retain)",3,hamming,majority,never_retain,0.8656716417910447,0.9156107862248213,0.00045110000064596534,0.007144399976823479,4.792510986328125
8,"KNN(k=3, metric=hamming, voting=majority, retention=always_retain)",3,hamming,majority,always_retain,0.8805970149253731,0.9272069061542746,0.00045419996604323387,0.019906000001356006,1.5705699920654297
8,"KNN(k=3, metric=hamming, voting=majority, retention=different_class)",3,hamming,majority,different_class,0.8507462686567164,0.9144249512670564,0.0004601999535225332,0.013995000044815242,1.4795770645141602
8,"KNN(k=3, metric=hamming, voting=majority, retention=oblivion_by_goodness)",3,hamming,majority,oblivion_by_goodness,0.8507462686567164,0.9144493177387913,0.00046629999997094274,0.015106100006960332,1.4758615493774414
8,"KNN(k=3, metric=hamming, voting=inverse_distance, retention=never_retain)",3,hamming,inverse_distance,never_retain,0.8656716417910447,0.9140675763482781,0.0004336000420153141,0.015834899968467653,4.792510986328125
8,"KNN(k=3, metric=hamming, voting=inverse_distance, retention=always_retain)",3,hamming,inverse_distance,always_retain,0.8656716417910447,0.9205672132400718,0.0004512000014074147,0.027144899999257177,1.5727901458740234
8,"KNN(k=3, metric=hamming, voting=inverse_distance, retention=different_class)",3,hamming,inverse_distance,different_class,0.8507462686567164,0.9135076252723313,0.00045039999531582,0.023820500005967915,1.4805583953857422
8,"KNN(k=3, metric=hamming, voting=inverse_distance, retention=oblivion_by_goodness)",3,hamming,inverse_distance,oblivion_by_goodness,0.8656716417910447,0.9205672132400718,0.00047010002890601754,0.02443619997939095,1.476445198059082
8,"KNN(k=5, metric=euclidean, voting=majority, retention=never_retain)",5,euclidean,majority,never_retain,0.8656716417910447,0.9205672132400718,0.0004126999992877245,0.025780800031498075,63.17959785461426
8,"KNN(k=5, metric=euclidean, voting=majority, retention=always_retain)",5,euclidean,majority,always_retain,0.8805970149253731,0.9501968428697016,0.00045520003186538815,0.017298399994615465,2.091033935546875
8,"KNN(k=5, metric=euclidean, voting=majority, retention=different_class)",5,euclidean,majority,different_class,0.8805970149253731,0.9263769445399992,0.0004493999877013266,0.012428199988789856,1.954300880432129
8,"KNN(k=5, metric=euclidean, voting=majority, retention=oblivion_by_goodness)",5,euclidean,majority,oblivion_by_goodness,0.8656716417910447,0.9209876543209875,0.00044729997171089053,0.014917400025296956,1.9396238327026367
8,"KNN(k=5, metric=euclidean, voting=inverse_distance, retention=never_retain)",5,euclidean,inverse_distance,never_retain,0.8507462686567164,0.9136681573214082,0.00045329995919018984,0.03399560000980273,63.17959785461426
8,"KNN(k=5, metric=euclidean, voting=inverse_distance, retention=always_retain)",5,euclidean,inverse_distance,always_retain,0.8656716417910447,0.9432977869510376,0.0004710000357590616,0.028902799997013062,2.0927581787109375
8,"KNN(k=5, metric=euclidean, voting=inverse_distance, retention=different_class)",5,euclidean,inverse_distance,different_class,0.8507462686567164,0.9136681573214082,0.0004629000322893262,0.02332019997993484,1.9598541259765625
8,"KNN(k=5, metric=euclidean, voting=inverse_distance, retention=oblivion_by_goodness)",5,euclidean,inverse_distance,oblivion_by_goodness,0.8656716417910447,0.9209876543209875,0.00044809997780248523,0.025907700008247048,1.940058708190918
8,"KNN(k=5, metric=manhattan, voting=majority, retention=never_retain)",5,manhattan,majority,never_retain,0.8656716417910447,0.9205672132400718,0.0004401000333018601,0.02187259995844215,62.86454963684082
8,"KNN(k=5, metric=manhattan, voting=majority, retention=always_retain)",5,manhattan,majority,always_retain,0.8805970149253731,0.9501968428697016,0.0004602000117301941,0.02009499998530373,2.0848388671875
8,"KNN(k=5, metric=manhattan, voting=majority, retention=different_class)",5,manhattan,majority,different_class,0.8805970149253731,0.9263769445399992,0.00043109996477141976,0.012205999984871596,1.9485483169555664
8,"KNN(k=5, metric=manhattan, voting=majority, retention=oblivion_by_goodness)",5,manhattan,majority,oblivion_by_goodness,0.8656716417910447,0.9209876543209875,0.00042039999971166253,0.01402340002823621,1.9339017868041992
8,"KNN(k=5, metric=manhattan, voting=inverse_distance, retention=never_retain)",5,manhattan,inverse_distance,never_retain,0.8507462686567164,0.9136681573214082,0.00043219997314736247,0.028175500046927482,62.86454963684082
8,"KNN(k=5, metric=manhattan, voting=inverse_distance, retention=always_retain)",5,manhattan,inverse_distance,always_retain,0.8805970149253731,0.9488304093567252,0.0004273999948054552,0.029726099979598075,2.0865631103515625
8,"KNN(k=5, metric=manhattan, voting=inverse_distance, retention=different_class)",5,manhattan,inverse_distance,different_class,0.8507462686567164,0.9136681573214082,0.00043920002644881606,0.022749700001440942,1.9539375305175781
8,"KNN(k=5, metric=manhattan, voting=inverse_distance, retention=oblivion_by_goodness)",5,manhattan,inverse_distance,oblivion_by_goodness,0.8656716417910447,0.9209876543209875,0.0004542999668046832,0.02408800000557676,1.9343366622924805
8,"KNN(k=5, metric=canberra, voting=majority, retention=never_retain)",5,canberra,majority,never_retain,0.8656716417910447,0.9205672132400718,0.00043340004049241543,0.04445409995969385,94.35302829742432
8,"KNN(k=5, metric=canberra, voting=majority, retention=always_retain)",5,canberra,majority,always_retain,0.9104477611940298,0.9632716049382716,0.00043650000588968396,0.02113660000031814,2.6641149520874023
8,"KNN(k=5, metric=canberra, voting=majority, retention=different_class)",5,canberra,majority,different_class,0.8955223880597015,0.9333333333333333,0.00043100002221763134,0.018196699966210872,2.480907440185547
8,"KNN(k=5, metric=canberra, voting=majority, retention=oblivion_by_goodness)",5,canberra,majority,oblivion_by_goodness,0.8805970149253731,0.9272417153996102,0.00043569999979808927,0.020149199990555644,2.463327407836914
8,"KNN(k=5, metric=canberra, voting=inverse_distance, retention=never_retain)",5,canberra,inverse_distance,never_retain,0.8507462686567164,0.9136681573214082,0.0004430999979376793,0.052744199987500906,94.35302829742432
8,"KNN(k=5, metric=canberra, voting=inverse_distance, retention=always_retain)",5,canberra,inverse_distance,always_retain,0.9104477611940298,0.9629629629629629,0.00044110004091635346,0.03178189997561276,2.6661863327026367
8,"KNN(k=5, metric=canberra, voting=inverse_distance, retention=different_class)",5,canberra,inverse_distance,different_class,0.8656716417910447,0.9192007797270956,0.0004228000179864466,0.027995599957648665,2.488006591796875
8,"KNN(k=5, metric=canberra, voting=inverse_distance, retention=oblivion_by_goodness)",5,canberra,inverse_distance,oblivion_by_goodness,0.8656716417910447,0.9205672132400718,0.0004175999783910811,0.02978739998070523,2.4638614654541016
8,"KNN(k=5, metric=hamming, voting=majority, retention=never_retain)",5,hamming,majority,never_retain,0.8656716417910447,0.9205672132400718,0.00043620000360533595,0.007187500013969839,4.792510986328125
8,"KNN(k=5, metric=hamming, voting=majority, retention=always_retain)",5,hamming,majority,always_retain,0.8805970149253731,0.9501968428697016,0.00042310002027079463,0.017157900030724704,1.5706462860107422
8,"KNN(k=5, metric=hamming, voting=majority, retention=different_class)",5,hamming,majority,different_class,0.8805970149253731,0.9263769445399992,0.00043730001198127866,0.013902599981520325,1.4764585494995117
8,"KNN(k=5, metric=hamming, voting=majority, retention=oblivion_by_goodness)",5,hamming,majority,oblivion_by_goodness,0.8656716417910447,0.9209876543209875,0.00046039995504543185,0.015840800013393164,1.4751977920532227
8,"KNN(k=5, metric=hamming, voting=inverse_distance, retention=never_retain)",5,hamming,inverse_distance,never_retain,0.8507462686567164,0.9136681573214082,0.0004354999982751906,0.016826900013256818,4.792510986328125
8,"KNN(k=5, metric=hamming, voting=inverse_distance, retention=always_retain)",5,hamming,inverse_distance,always_retain,0.8805970149253731,0.9488304093567252,0.0004295000107958913,0.027305499999783933,1.5723705291748047
8,"KNN(k=5, metric=hamming, voting=inverse_distance, retention=different_class)",5,hamming,inverse_distance,different_class,0.8507462686567164,0.9136681573214082,0.0004496999899856746,0.024655800021719187,1.4805850982666016
8,"KNN(k=5, metric=hamming, voting=inverse_distance, retention=oblivion_by_goodness)",5,hamming,inverse_distance,oblivion_by_goodness,0.8656716417910447,0.9209876543209875,0.0005244000349193811,0.026296300056856126,1.4758310317993164
8,"KNN(k=7, metric=euclidean, voting=majority, retention=never_retain)",7,euclidean,majority,never_retain,0.8805970149253731,0.9507716049382715,0.0004504999960772693,0.01876589999301359,63.17959785461426
8,"KNN(k=7, metric=euclidean, voting=majority, retention=always_retain)",7,euclidean,majority,always_retain,0.8507462686567164,0.9374880556511103,0.00045089999912306666,0.014878700021654367,2.0911102294921875
8,"KNN(k=7, metric=euclidean, voting=majority, retention=different_class)",7,euclidean,majority,different_class,0.8955223880597015,0.9570194549554714,0.0004351999959908426,0.012075599981471896,1.952016830444336
8,"KNN(k=7, metric=euclidean, voting=majority, retention=oblivion_by_goodness)",7,euclidean,majority,oblivion_by_goodness,0.8805970149253731,0.9507716049382715,0.0004407000378705561,0.015037500008475035,1.9397001266479492
8,"KNN(k=7, metric=euclidean, voting=inverse_distance, retention=never_retain)",7,euclidean,inverse_distance,never_retain,0.8656716417910447,0.9446355540266789,0.0005009999731555581,0.02899810002418235,63.17959785461426
8,"KNN(k=7, metric=euclidean, voting=inverse_distance, retention=always_retain)",7,euclidean,inverse_distance,always_retain,0.8507462686567164,0.9374880556511103,0.000451300002168864,0.02708110003732145,2.0929832458496094
8,"KNN(k=7, metric=euclidean, voting=inverse_distance, retention=different_class)",7,euclidean,inverse_distance,different_class,0.8656716417910447,0.9446355540266789,0.0004214000073261559,0.02354249998461455,1.9574708938598633
8,"KNN(k=7, metric=euclidean, voting=inverse_distance, retention=oblivion_by_goodness)",7,euclidean,inverse_distance,oblivion_by_goodness,0.8805970149253731,0.9507716049382715,0.00043890002416446805,0.026943899982143193,1.9402341842651367
8,"KNN(k=7, metric=manhattan, voting=majority, retention=never_retain)",7,manhattan,majority,never_retain,0.8805970149253731,0.9507716049382715,0.00046549999387934804,0.019807500008028,62.86454963684082
8,"KNN(k=7, metric=manhattan, voting=majority, retention=always_retain)",7,manhattan,majority,always_retain,0.8507462686567164,0.9374880556511103,0.0004382999613881111,0.015562399988994002,2.0849151611328125
8,"KNN(k=7, metric=manhattan, voting=majority, retention=different_class)",7,manhattan,majority,different_class,0.8955223880597015,0.9570194549554714,0.00043299997923895717,0.012246199999935925,1.9462718963623047
8,"KNN(k=7, metric=manhattan, voting=majority, retention=oblivion_by_goodness)",7,manhattan,majority,oblivion_by_goodness,0.8805970149253731,0.9507716049382715,0.00043620000360533595,0.015043699997477233,1.9339780807495117
8,"KNN(k=7, metric=manhattan, voting=inverse_distance, retention=never_retain)",7,manhattan,inverse_distance,never_retain,0.8805970149253731,0.9506172839506173,0.0004550000303424895,0.02979219995904714,62.86454963684082
8,"KNN(k=7, metric=manhattan, voting=inverse_distance, retention=always_retain)",7,manhattan,inverse_distance,always_retain,0.8507462686567164,0.9374880556511103,0.0004419999895617366,0.02612230001250282,2.088275909423828
8,"KNN(k=7, metric=manhattan, voting=inverse_distance, retention=different_class)",7,manhattan,inverse_distance,different_class,0.8955223880597015,0.9563314604594275,0.0004618999664671719,0.023872199992183596,1.9470548629760742
8,"KNN(k=7, metric=manhattan, voting=inverse_distance, retention=oblivion_by_goodness)",7,manhattan,inverse_distance,oblivion_by_goodness,0.8955223880597015,0.9570194549554714,0.00047009997069835663,0.027139700017869473,1.9345121383666992
8,"KNN(k=7, metric=canberra, voting=majority, retention=never_retain)",7,canberra,majority,never_retain,0.8805970149253731,0.9507716049382715,0.00045279995538294315,0.044143600040115416,94.35302829742432
8,"KNN(k=7, metric=canberra, voting=majority, retention=always_retain)",7,canberra,majority,always_retain,0.8656716417910447,0.9446355540266789,0.0004476999747566879,0.023295700026210397,2.664191246032715
8,"KNN(k=7, metric=canberra, voting=majority, retention=different_class)",7,canberra,majority,different_class,0.8955223880597015,0.9570194549554714,0.00042559998109936714,0.01835990004474297,2.480984687805176
8,"KNN(k=7, metric=canberra, voting=majority, retention=oblivion_by_goodness)",7,canberra,majority,oblivion_by_goodness,0.8805970149253731,0.9507716049382715,0.0004305999609641731,0.02077950001694262,2.4634037017822266
8,"KNN(k=7, metric=canberra, voting=inverse_distance, retention=never_retain)",7,canberra,inverse_distance,never_retain,0.8805970149253731,0.9506172839506173,0.00042449997272342443,0.053993300010915846,94.35302829742432
8,"KNN(k=7, metric=canberra, voting=inverse_distance, retention=always_retain)",7,canberra,inverse_distance,always_retain,0.8656716417910447,0.9446355540266789,0.00042719999328255653,0.03718629997456446,2.668196678161621
8,"KNN(k=7, metric=canberra, voting=inverse_distance, retention=different_class)",7,canberra,inverse_distance,different_class,0.8955223880597015,0.9563314604594275,0.0004697000258602202,0.030065300001297146,2.4819164276123047
8,"KNN(k=7, metric=canberra, voting=inverse_distance, retention=oblivion_by_goodness)",7,canberra,inverse_distance,oblivion_by_goodness,0.8955223880597015,0.9570194549554714,0.00043079996248707175,0.0328264000127092,2.463888168334961
8,"KNN(k=7, metric=hamming, voting=majority, retention=never_retain)",7,hamming,majority,never_retain,0.8805970149253731,0.9507716049382715,0.00044430000707507133,0.007491800002753735,4.792510986328125
8,"KNN(k=7, metric=hamming, voting=majority, retention=always_retain)",7,hamming,majority,always_retain,0.8507462686567164,0.9374880556511103,0.0004461000207811594,0.020822899998165667,1.5707225799560547
8,"KNN(k=7, metric=hamming, voting=majority, retention=different_class)",7,hamming,majority,different_class,0.8955223880597015,0.9570194549554714,0.0004344000481069088,0.013976300018839538,1.4749374389648438
8,"KNN(k=7, metric=hamming, voting=majority, retention=oblivion_by_goodness)",7,hamming,majority,oblivion_by_goodness,0.8805970149253731,0.9507716049382715,0.00044319999869912863,0.016757500008679926,1.4742822647094727
8,"KNN(k=7, metric=hamming, voting=inverse_distance, retention=never_retain)",7,hamming,inverse_distance,never_retain,0.8805970149253731,0.9506172839506173,0.0004791999817825854,0.017842100001871586,4.792510986328125
8,"KNN(k=7, metric=hamming, voting=inverse_distance, retention=always_retain)",7,hamming,inverse_distance,always_retain,0.8507462686567164,0.9374880556511103,0.00043539999751374125,0.032338500022888184,1.5726947784423828
8,"KNN(k=7, metric=hamming, voting=inverse_distance, retention=different_class)",7,hamming,inverse_distance,different_class,0.8955223880597015,0.9563314604594275,0.00043000001460313797,0.025536500033922493,1.4754228591918945
8,"KNN(k=7, metric=hamming, voting=inverse_distance, retention=oblivion_by_goodness)",7,hamming,inverse_distance,oblivion_by_goodness,0.8955223880597015,0.9570194549554714,0.0004341999883763492,0.0282839999999851,1.4750146865844727
9,"KNN(k=3, metric=euclidean, voting=majority, retention=never_retain)",3,euclidean,majority,never_retain,0.9375,0.9673890608875129,0.00047339999582618475,0.018095399951562285,60.63009834289551
9,"KNN(k=3, metric=euclidean, voting=majority, retention=always_retain)",3,euclidean,majority,always_retain,0.9375,0.9673890608875129,0.000450999999884516,0.01639399997657165,2.042241096496582
9,"KNN(k=3, metric=euclidean, voting=majority, retention=different_class)",3,euclidean,majority,different_class,0.9375,0.9673890608875129,0.0004379999591037631,0.013352500041946769,1.9031286239624023
9,"KNN(k=3, metric=euclidean, voting=majority, retention=oblivion_by_goodness)",3,euclidean,majority,oblivion_by_goodness,0.9375,0.9673890608875129,0.000428799947258085,0.015802100009750575,1.8979978561401367
9,"KNN(k=3, metric=euclidean, voting=inverse_distance, retention=never_retain)",3,euclidean,inverse_distance,never_retain,0.9375,0.9673890608875129,0.0004984000115655363,0.025833999970927835,60.61694526672363
9,"KNN(k=3, metric=euclidean, voting=inverse_distance, retention=always_retain)",3,euclidean,inverse_distance,always_retain,0.9375,0.9673890608875129,0.00043730001198127866,0.02522750000935048,2.0475854873657227
9,"KNN(k=3, metric=euclidean, voting=inverse_distance, retention=different_class)",3,euclidean,inverse_distance,different_class,0.9375,0.9673890608875129,0.0004464000230655074,0.02226419997168705,1.9039602279663086
9,"KNN(k=3, metric=euclidean, voting=inverse_distance, retention=oblivion_by_goodness)",3,euclidean,inverse_distance,oblivion_by_goodness,0.9375,0.9673890608875129,0.0004409000393934548,0.02369689999613911,1.898432731628418
9,"KNN(k=3, metric=manhattan, voting=majority, retention=never_retain)",3,manhattan,majority,never_retain,0.9375,0.9673890608875129,0.00044549995800480247,0.017399500007741153,60.314531326293945
9,"KNN(k=3, metric=manhattan, voting=majority, retention=always_retain)",3,manhattan,majority,always_retain,0.9375,0.9673890608875129,0.00042749999556690454,0.015994499961379915,2.036046028137207
9,"KNN(k=3, metric=manhattan, voting=majority, retention=different_class)",3,manhattan,majority,different_class,0.9375,0.9673890608875129,0.00044169998727738857,0.013324900006409734,1.897383689880371
9,"KNN(k=3, metric=manhattan, voting=majority, retention=oblivion_by_goodness)",3,manhattan,majority,oblivion_by_goodness,0.9375,0.9673890608875129,0.0004333999822847545,0.014863699965644628,1.8922529220581055
9,"KNN(k=3, metric=manhattan, voting=inverse_distance, retention=never_retain)",3,manhattan,inverse_distance,never_retain,0.9375,0.9673890608875129,0.00042749999556690454,0.02597430004971102,60.314531326293945
9,"KNN(k=3, metric=manhattan, voting=inverse_distance, retention=always_retain)",3,manhattan,inverse_distance,always_retain,0.9375,0.9673890608875129,0.0005603000172413886,0.02499190001981333,2.037919044494629
9,"KNN(k=3, metric=manhattan, voting=inverse_distance, retention=different_class)",3,manhattan,inverse_distance,different_class,0.9375,0.9673890608875129,0.00043779995758086443,0.021917000005487353,1.898066520690918
9,"KNN(k=3, metric=manhattan, voting=inverse_distance, retention=oblivion_by_goodness)",3,manhattan,inverse_distance,oblivion_by_goodness,0.9375,0.9673890608875129,0.0004265999887138605,0.023970300040673465,1.8927373886108398
9,"KNN(k=3, metric=canberra, voting=majority, retention=never_retain)",3,canberra,majority,never_retain,0.9375,0.9673890608875129,0.0004425999941304326,0.04089679999742657,90.53958225250244
9,"KNN(k=3, metric=canberra, voting=majority, retention=always_retain)",3,canberra,majority,always_retain,0.9375,0.9673890608875129,0.0004332999815233052,0.022377100016456097,2.6153221130371094
9,"KNN(k=3, metric=canberra, voting=majority, retention=different_class)",3,canberra,majority,different_class,0.921875,0.9612735542560105,0.000437400012742728,0.019099699973594397,2.4352054595947266
9,"KNN(k=3, metric=canberra, voting=majority, retention=oblivion_by_goodness)",3,canberra,majority,oblivion_by_goodness,0.9375,0.9673890608875129,0.000430300016887486,0.020590199972502887,2.4239444732666016
9,"KNN(k=3, metric=canberra, voting=inverse_distance, retention=never_retain)",3,canberra,inverse_distance,never_retain,0.9375,0.9673890608875129,0.0004831000114791095,0.04909729998325929,90.53958225250244
9,"KNN(k=3, metric=canberra, voting=inverse_distance, retention=always_retain)",3,canberra,inverse_distance,always_retain,0.9375,0.9673890608875129,0.00043889996595680714,0.03145599999697879,2.617046356201172
9,"KNN(k=3, metric=canberra, voting=inverse_distance, retention=different_class)",3,canberra,inverse_distance,different_class,0.9375,0.9673890608875129,0.0004388000234030187,0.02815209998516366,2.4326305389404297
9,"KNN(k=3, metric=canberra, voting=inverse_distance, retention=oblivion_by_goodness)",3,canberra,inverse_distance,oblivion_by_goodness,0.953125,0.9734649122807019,0.00043860002188012004,0.02925849996972829,2.4243297576904297
9,"KNN(k=3, metric=hamming, voting=majority, retention=never_retain)",3,hamming,majority,never_retain,0.9375,0.9673890608875129,0.00044819997856393456,0.006916100042872131,4.575096130371094
9,"KNN(k=3, metric=hamming, voting=majority, retention=always_retain)",3,hamming,majority,always_retain,0.9375,0.9673890608875129,0.0004293000092729926,0.018260299984831363,1.5218534469604492
9,"KNN(k=3, metric=hamming, voting=majority, retention=different_class)",3,hamming,majority,different_class,0.9375,0.9673890608875129,0.00044100004015490413,0.015105700003914535,1.426137924194336
9,"KNN(k=3, metric=hamming, voting=majority, retention=oblivion_by_goodness)",3,hamming,majority,oblivion_by_goodness,0.9375,0.9673890608875129,0.00044319999869912863,0.016388799995183945,1.4327888488769531
9,"KNN(k=3, metric=hamming, voting=inverse_distance, retention=never_retain)",3,hamming,inverse_distance,never_retain,0.9375,0.9673890608875129,0.0004407000378705561,0.01482340000802651,4.575096130371094
9,"KNN(k=3, metric=hamming, voting=inverse_distance, retention=always_retain)",3,hamming,inverse_distance,always_retain,0.9375,0.9673890608875129,0.0004437000025063753,0.028324900020379573,1.523726463317871
9,"KNN(k=3, metric=hamming, voting=inverse_distance, retention=different_class)",3,hamming,inverse_distance,different_class,0.9375,0.9673890608875129,0.00044490001164376736,0.023956699995324016,1.4269695281982422
9,"KNN(k=3, metric=hamming, voting=inverse_distance, retention=oblivion_by_goodness)",3,hamming,inverse_distance,oblivion_by_goodness,0.9375,0.9673890608875129,0.00046359997941181064,0.02492339996388182,1.4331741333007812
9,"KNN(k=5, metric=euclidean, voting=majority, retention=never_retain)",5,euclidean,majority,never_retain,0.9375,0.9673890608875129,0.0004607000155374408,0.01797190000070259,60.61694526672363
9,"KNN(k=5, metric=euclidean, voting=majority, retention=always_retain)",5,euclidean,majority,always_retain,0.953125,0.9734649122807019,0.0004389999667182565,0.01636000000871718,2.0423173904418945
9,"KNN(k=5, metric=euclidean, voting=majority, retention=different_class)",5,euclidean,majority,different_class,0.9375,0.9673890608875129,0.0004534000181593001,0.013684700010344386,1.9032049179077148
9,"KNN(k=5, metric=euclidean, voting=majority, retention=oblivion_by_goodness)",5,euclidean,majority,oblivion_by_goodness,0.9375,0.9673890608875129,0.0004430999979376793,0.01582659996347502,1.8980741500854492
9,"KNN(k=5, metric=euclidean, voting=inverse_distance, retention=never_retain)",5,euclidean,inverse_distance,never_retain,0.9375,0.9673890608875129,0.00044890004210174084,0.026291699963621795,60.61694526672363
9,"KNN(k=5, metric=euclidean, voting=inverse_distance, retention=always_retain)",5,euclidean,inverse_distance,always_retain,0.953125,0.9734649122807019,0.0004351999959908426,0.025906499999109656,2.043992042541504
9,"KNN(k=5, metric=euclidean, voting=inverse_distance, retention=different_class)",5,euclidean,inverse_distance,different_class,0.9375,0.9673890608875129,0.0004342000465840101,0.023875099956057966,1.9038381576538086
9,"KNN(k=5, metric=euclidean, voting=inverse_distance, retention=oblivion_by_goodness)",5,euclidean,inverse_distance,oblivion_by_goodness,0.9375,0.9673890608875129,0.00043920002644881606,0.026274500007275492,1.8985090255737305
9,"KNN(k=5, metric=manhattan, voting=majority, retention=never_retain)",5,manhattan,majority,never_retain,0.9375,0.9673890608875129,0.00043189997086301446,0.018772400042507797,60.314531326293945
9,"KNN(k=5, metric=manhattan, voting=majority, retention=always_retain)",5,manhattan,majority,always_retain,0.953125,0.9734649122807019,0.00044680002611130476,0.016319399990607053,2.0361223220825195
9,"KNN(k=5, metric=manhattan, voting=majority, retention=different_class)",5,manhattan,majority,different_class,0.9375,0.9673890608875129,0.00044249999336898327,0.01342329999897629,1.8974599838256836
9,"KNN(k=5, metric=manhattan, voting=majority, retention=oblivion_by_goodness)",5,manhattan,majority,oblivion_by_goodness,0.9375,0.9673890608875129,0.0004643000429496169,0.015602000057697296,1.892329216003418
9,"KNN(k=5, metric=manhattan, voting=inverse_distance, retention=never_retain)",5,manhattan,inverse_distance,never_retain,0.9375,0.9673890608875129,0.0004770000232383609,0.02717249997658655,60.314531326293945
9,"KNN(k=5, metric=manhattan, voting=inverse_distance, retention=always_retain)",5,manhattan,inverse_distance,always_retain,0.9375,0.9673890608875129,0.00043160002678632736,0.025886799965519458,2.0376482009887695
9,"KNN(k=5, metric=manhattan, voting=inverse_distance, retention=different_class)",5,manhattan,inverse_distance,different_class,0.9375,0.9673890608875129,0.00044569995952770114,0.023172800021711737,1.8980436325073242
9,"KNN(k=5, metric=manhattan, voting=inverse_distance, retention=oblivion_by_goodness)",5,manhattan,inverse_distance,oblivion_by_goodness,0.953125,0.9734649122807019,0.0004419999895617366,0.02577860001474619,1.8928136825561523
9,"KNN(k=5, metric=canberra, voting=majority, retention=never_retain)",5,canberra,majority,never_retain,0.9375,0.9673890608875129,0.0004496999899856746,0.04121120000490919,90.53958225250244
9,"KNN(k=5, metric=canberra, voting=majority, retention=always_retain)",5,canberra,majority,always_retain,0.953125,0.9734649122807019,0.0004379999591037631,0.02216789999511093,2.615398406982422
9,"KNN(k=5, metric=canberra, voting=majority, retention=different_class)",5,canberra,majority,different_class,0.9375,0.9673890608875129,0.00046060001477599144,0.019505699980072677,2.4321727752685547
9,"KNN(k=5, metric=canberra, voting=majority, retention=oblivion_by_goodness)",5,canberra,majority,oblivion_by_goodness,0.953125,0.9734649122807019,0.00042509997729212046,0.021699099976103753,2.424020767211914
9,"KNN(k=5, metric=canberra, voting=inverse_distance, retention=never_retain)",5,canberra,inverse_distance,never_retain,0.9375,0.9673890608875129,0.00044059997890144587,0.05281149997608736,90.53958225250244
9,"KNN(k=5, metric=canberra, voting=inverse_distance, retention=always_retain)",5,canberra,inverse_distance,always_retain,0.9375,0.9673890608875129,0.0005119999987073243,0.03602090000640601,2.617023468017578
9,"KNN(k=5, metric=canberra, voting=inverse_distance, retention=different_class)",5,canberra,inverse_distance,different_class,0.9375,0.9673890608875129,0.0004945999826304615,0.029610299970954657,2.433351516723633
9,"KNN(k=5, metric=canberra, voting=inverse_distance, retention=oblivion_by_goodness)",5,canberra,inverse_distance,oblivion_by_goodness,0.953125,0.9734649122807019,0.00045089999912306666,0.03265499998815358,2.4244556427001953
9,"KNN(k=5, metric=hamming, voting=majority, retention=never_retain)",5,hamming,majority,never_retain,0.9375,0.9673890608875129,0.00042449997272342443,0.006655100034549832,4.575096130371094
9,"KNN(k=5, metric=hamming, voting=majority, retention=always_retain)",5,hamming,majority,always_retain,0.953125,0.9734649122807019,0.00041639996925368905,0.01890550000825897,1.5219297409057617
9,"KNN(k=5, metric=hamming, voting=majority, retention=different_class)",5,hamming,majority,different_class,0.9375,0.9673890608875129,0.00043109996477141976,0.014573500026017427,1.4262142181396484
9,"KNN(k=5, metric=hamming, voting=majority, retention=oblivion_by_goodness)",5,hamming,majority,oblivion_by_goodness,0.9375,0.9673890608875129,0.0004264999879524112,0.01733609999064356,1.4321250915527344
9,"KNN(k=5, metric=hamming, voting=inverse_distance, retention=never_retain)",5,hamming,inverse_distance,never_retain,0.9375,0.9673890608875129,0.00046849995851516724,0.015992800006642938,4.575096130371094
9,"KNN(k=5, metric=hamming, voting=inverse_distance, retention=always_retain)",5,hamming,inverse_distance,always_retain,0.9375,0.9673890608875129,0.0004333999822847545,0.029632800025865436,1.523554801940918
9,"KNN(k=5, metric=hamming, voting=inverse_distance, retention=different_class)",5,hamming,inverse_distance,different_class,0.9375,0.9673890608875129,0.0004427999956533313,0.025617599952965975,1.4270458221435547
9,"KNN(k=5, metric=hamming, voting=inverse_distance, retention=oblivion_by_goodness)",5,hamming,inverse_distance,oblivion_by_goodness,0.953125,0.9734649122807019,0.0006354999495670199,0.028836100012995303,1.4326095581054688
9,"KNN(k=7, metric=euclidean, voting=majority, retention=never_retain)",7,euclidean,majority,never_retain,0.953125,0.9734649122807019,0.00041830004192888737,0.019181200012098998,60.61694526672363
9,"KNN(k=7, metric=euclidean, voting=majority, retention=always_retain)",7,euclidean,majority,always_retain,0.921875,0.9606725146198829,0.0004392999690026045,0.017773900006432086,2.042393684387207
9,"KNN(k=7, metric=euclidean, voting=majority, retention=different_class)",7,euclidean,majority,different_class,0.953125,0.9734649122807019,0.0004358000005595386,0.014325299998745322,1.9009199142456055
9,"KNN(k=7, metric=euclidean, voting=majority, retention=oblivion_by_goodness)",7,euclidean,majority,oblivion_by_goodness,0.9375,0.9544172932330829,0.000464299984741956,0.017182399984449148,1.8981504440307617
9,"KNN(k=7, metric=euclidean, voting=inverse_distance, retention=never_retain)",7,euclidean,inverse_distance,never_retain,0.953125,0.9734649122807019,0.00044219999108463526,0.029104400018695742,60.61694526672363
9,"KNN(k=7, metric=euclidean, voting=inverse_distance, retention=always_retain)",7,euclidean,inverse_distance,always_retain,0.921875,0.9606725146198829,0.0004490999854169786,0.028719699999783188,2.043919563293457
9,"KNN(k=7, metric=euclidean, voting=inverse_distance, retention=different_class)",7,euclidean,inverse_distance,different_class,0.953125,0.9734649122807019,0.00046120001934468746,0.0247339999768883,1.901850700378418
9,"KNN(k=7, metric=euclidean, voting=inverse_distance, retention=oblivion_by_goodness)",7,euclidean,inverse_distance,oblivion_by_goodness,0.953125,0.9734649122807019,0.000424700032453984,0.026653499982785434,1.898585319519043
9,"KNN(k=7, metric=manhattan, voting=majority, retention=never_retain)",7,manhattan,majority,never_retain,0.953125,0.9734649122807019,0.0004222000134177506,0.018468499998562038,60.314531326293945
9,"KNN(k=7, metric=manhattan, voting=majority, retention=always_retain)",7,manhattan,majority,always_retain,0.921875,0.9606725146198829,0.00042969995411112905,0.017254000005777925,2.036198616027832
9,"KNN(k=7, metric=manhattan, voting=majority, retention=different_class)",7,manhattan,majority,different_class,0.953125,0.9734649122807019,0.00043590000132098794,0.013358899974264205,1.8951826095581055
9,"KNN(k=7, metric=manhattan, voting=majority, retention=oblivion_by_goodness)",7,manhattan,majority,oblivion_by_goodness,0.9375,0.9544172932330829,0.0004296000115573406,0.01621439994778484,1.8924055099487305
9,"KNN(k=7, metric=manhattan, voting=inverse_distance, retention=never_retain)",7,manhattan,inverse_distance,never_retain,0.9375,0.9673890608875129,0.00042509997729212046,0.029060700035188347,60.314531326293945
9,"KNN(k=7, metric=manhattan, voting=inverse_distance, retention=always_retain)",7,manhattan,inverse_distance,always_retain,0.921875,0.9606725146198829,0.0004331000382080674,0.027366099995560944,2.037625312805176
9,"KNN(k=7, metric=manhattan, voting=inverse_distance, retention=different_class)",7,manhattan,inverse_distance,different_class,0.9375,0.9673890608875129,0.0004363000043667853,0.024067599966656417,1.8983182907104492
9,"KNN(k=7, metric=manhattan, voting=inverse_distance, retention=oblivion_by_goodness)",7,manhattan,inverse_distance,oblivion_by_goodness,0.953125,0.9734649122807019,0.00043399998685345054,0.02706900000339374,1.892939567565918
9,"KNN(k=7, metric=canberra, voting=majority, retention=never_retain)",7,canberra,majority,never_retain,0.953125,0.9734649122807019,0.000438000017311424,0.041310700005851686,90.53958225250244
9,"KNN(k=7, metric=canberra, voting=majority, retention=always_retain)",7,canberra,majority,always_retain,0.953125,0.9734649122807019,0.00044819997856393456,0.022891199972946197,2.6154747009277344
9,"KNN(k=7, metric=canberra, voting=majority, retention=different_class)",7,canberra,majority,different_class,0.9375,0.9673890608875129,0.0005006999708712101,0.01931000000331551,2.432249069213867
9,"KNN(k=7, metric=canberra, voting=majority, retention=oblivion_by_goodness)",7,canberra,majority,oblivion_by_goodness,0.90625,0.9416248955722639,0.00044239999260753393,0.022180199972353876,2.4240970611572266
9,"KNN(k=7, metric=canberra, voting=inverse_distance, retention=never_retain)",7,canberra,inverse_distance,never_retain,0.9375,0.9673890608875129,0.00043810001807287335,0.052267300023231655,90.53958225250244
9,"KNN(k=7, metric=canberra, voting=inverse_distance, retention=always_retain)",7,canberra,inverse_distance,always_retain,0.9375,0.9673890608875129,0.0004361000028438866,0.032989999977871776,2.6170997619628906
9,"KNN(k=7, metric=canberra, voting=inverse_distance, retention=different_class)",7,canberra,inverse_distance,different_class,0.9375,0.9673890608875129,0.00044759997399523854,0.029717000026721507,2.432981491088867
9,"KNN(k=7, metric=canberra, voting=inverse_distance, retention=oblivion_by_goodness)",7,canberra,inverse_distance,oblivion_by_goodness,0.9375,0.9541666666666667,0.00044430000707507133,0.03242899995530024,2.424531936645508
9,"KNN(k=7, metric=hamming, voting=majority, retention=never_retain)",7,hamming,majority,never_retain,0.953125,0.9734649122807019,0.0004524000105448067,0.007054699992295355,4.575096130371094
9,"KNN(k=7, metric=hamming, voting=majority, retention=always_retain)",7,hamming,majority,always_retain,0.921875,0.9606725146198829,0.0004317000275477767,0.018166899972129613,1.5220060348510742
9,"KNN(k=7, metric=hamming, voting=majority, retention=different_class)",7,hamming,majority,different_class,0.953125,0.9734649122807019,0.00044570001773536205,0.01501019997522235,1.424692153930664
9,"KNN(k=7, metric=hamming, voting=majority, retention=oblivion_by_goodness)",7,hamming,majority,oblivion_by_goodness,0.9375,0.9544172932330829,0.00042639998719096184,0.019169499981217086,1.4314842224121094
9,"KNN(k=7, metric=hamming, voting=inverse_distance, retention=never_retain)",7,hamming,inverse_distance,never_retain,0.9375,0.9673890608875129,0.00044269999489188194,0.016766800021287054,4.575096130371094
9,"KNN(k=7, metric=hamming, voting=inverse_distance, retention=always_retain)",7,hamming,inverse_distance,always_retain,0.921875,0.9606725146198829,0.00043780001578852534,0.028780699998605996,1.5233335494995117
9,"KNN(k=7, metric=hamming, voting=inverse_distance, retention=different_class)",7,hamming,inverse_distance,different_class,0.9375,0.9673890608875129,0.0004407000378705561,0.02579449996119365,1.4272212982177734
9,"KNN(k=7, metric=hamming, voting=inverse_distance, retention=oblivion_by_goodness)",7,hamming,inverse_distance,oblivion_by_goodness,0.953125,0.9734649122807019,0.0004531000158749521,0.028628200001548976,1.4319686889648438
